host,model,quant,prompt_id,bucket,repetition,is_warmup,total_latency_ms,approx_output_tokens,peak_rss_mb,ttft_ms,tokens_per_sec
cloud,qwen2.5-0.5b,F16,short-000,short,0,True,10811.071585980244,25,,,
cloud,qwen2.5-0.5b,F16,short-000,short,1,False,10517.808702017646,25,,,
cloud,qwen2.5-0.5b,F16,short-000,short,2,False,10695.117129973369,25,,,
cloud,qwen2.5-0.5b,F16,short-001,short,0,True,10483.240245986963,17,,,
cloud,qwen2.5-0.5b,F16,short-001,short,1,False,10428.427213977557,17,,,
cloud,qwen2.5-0.5b,F16,short-001,short,2,False,10642.114271002356,17,,,
cloud,qwen2.5-0.5b,F16,short-002,short,0,True,8161.879046005197,4,,,
cloud,qwen2.5-0.5b,F16,short-002,short,1,False,8127.240628004074,4,,,
cloud,qwen2.5-0.5b,F16,short-002,short,2,False,8222.422972001368,4,,,
cloud,qwen2.5-0.5b,F16,short-003,short,0,True,9739.59110499709,13,,,
cloud,qwen2.5-0.5b,F16,short-003,short,1,False,9517.147815990029,13,,,
cloud,qwen2.5-0.5b,F16,short-003,short,2,False,9516.627651988529,13,,,
cloud,qwen2.5-0.5b,F16,short-004,short,0,True,20273.60045001842,65,,,
cloud,qwen2.5-0.5b,F16,short-004,short,1,False,24818.318596982863,84,,,
cloud,qwen2.5-0.5b,F16,short-004,short,2,False,27248.925191001035,94,,,
cloud,qwen2.5-0.5b,F16,short-005,short,0,True,11595.480560994474,18,,,
cloud,qwen2.5-0.5b,F16,short-005,short,1,False,11621.9287099957,18,,,
cloud,qwen2.5-0.5b,F16,short-005,short,2,False,20078.087500995025,53,,,
cloud,qwen2.5-0.5b,F16,short-006,short,0,True,8924.46888500126,12,,,
cloud,qwen2.5-0.5b,F16,short-006,short,1,False,8948.063752002781,12,,,
cloud,qwen2.5-0.5b,F16,short-006,short,2,False,8965.440547995968,12,,,
cloud,qwen2.5-0.5b,F16,short-007,short,0,True,24093.136309005786,76,,,
cloud,qwen2.5-0.5b,F16,short-007,short,1,False,10619.376453018049,21,,,
cloud,qwen2.5-0.5b,F16,short-007,short,2,False,10635.203402984189,21,,,
cloud,qwen2.5-0.5b,F16,short-008,short,0,True,16776.825510023627,38,,,
cloud,qwen2.5-0.5b,F16,short-008,short,1,False,20509.238370024832,53,,,
cloud,qwen2.5-0.5b,F16,short-008,short,2,False,17001.708742027404,40,,,
cloud,qwen2.5-0.5b,F16,short-009,short,0,True,14912.939166999422,38,,,
cloud,qwen2.5-0.5b,F16,short-009,short,1,False,14058.919626986608,34,,,
cloud,qwen2.5-0.5b,F16,short-009,short,2,False,12772.792938019847,29,,,
cloud,qwen2.5-0.5b,F16,short-010,short,0,True,23087.451137020253,76,,,
cloud,qwen2.5-0.5b,F16,short-010,short,1,False,22947.4485279934,74,,,
cloud,qwen2.5-0.5b,F16,short-010,short,2,False,24791.649421997136,82,,,
cloud,qwen2.5-0.5b,F16,short-011,short,0,True,8293.67957400973,16,,,
cloud,qwen2.5-0.5b,F16,short-011,short,1,False,8272.902425989741,16,,,
cloud,qwen2.5-0.5b,F16,short-011,short,2,False,8282.395519025158,16,,,
cloud,qwen2.5-0.5b,F16,short-012,short,0,True,11068.178699992131,22,,,
cloud,qwen2.5-0.5b,F16,short-012,short,1,False,10516.417601000285,19,,,
cloud,qwen2.5-0.5b,F16,short-012,short,2,False,10769.758511014516,21,,,
cloud,qwen2.5-0.5b,F16,short-013,short,0,True,25516.559085983317,88,,,
cloud,qwen2.5-0.5b,F16,short-013,short,1,False,23137.900122994324,78,,,
cloud,qwen2.5-0.5b,F16,short-013,short,2,False,22809.759520023363,76,,,
cloud,qwen2.5-0.5b,F16,short-014,short,0,True,7048.409911018098,7,,,
cloud,qwen2.5-0.5b,F16,short-014,short,1,False,7031.890706013655,7,,,
cloud,qwen2.5-0.5b,F16,short-014,short,2,False,7277.222333010286,7,,,
cloud,qwen2.5-0.5b,F16,short-015,short,0,True,7680.503009993117,10,,,
cloud,qwen2.5-0.5b,F16,short-015,short,1,False,7904.256670008181,11,,,
cloud,qwen2.5-0.5b,F16,short-015,short,2,False,9294.019861001289,17,,,
cloud,qwen2.5-0.5b,F16,short-016,short,0,True,14174.193110025954,41,,,
cloud,qwen2.5-0.5b,F16,short-016,short,1,False,15118.283712974517,46,,,
cloud,qwen2.5-0.5b,F16,short-016,short,2,False,14173.347107018344,41,,,
cloud,qwen2.5-0.5b,F16,short-017,short,0,True,6288.955627998803,8,,,
cloud,qwen2.5-0.5b,F16,short-017,short,1,False,6142.734755005222,8,,,
cloud,qwen2.5-0.5b,F16,short-017,short,2,False,6261.064538004575,8,,,
cloud,qwen2.5-0.5b,F16,short-018,short,0,True,16528.096263005864,46,,,
cloud,qwen2.5-0.5b,F16,short-018,short,1,False,17376.95978701231,48,,,
cloud,qwen2.5-0.5b,F16,short-018,short,2,False,16793.232961004833,46,,,
cloud,qwen2.5-0.5b,F16,short-019,short,0,True,17653.152696992038,55,,,
cloud,qwen2.5-0.5b,F16,short-019,short,1,False,17536.64765501162,54,,,
cloud,qwen2.5-0.5b,F16,short-019,short,2,False,17592.50553799211,54,,,
cloud,qwen2.5-0.5b,F16,medium-000,medium,0,True,23088.99861498503,38,,,
cloud,qwen2.5-0.5b,F16,medium-000,medium,1,False,23345.77048002393,39,,,
cloud,qwen2.5-0.5b,F16,medium-000,medium,2,False,23117.6035059907,38,,,
cloud,qwen2.5-0.5b,F16,medium-001,medium,0,True,60291.62697299034,91,,,
cloud,qwen2.5-0.5b,F16,medium-001,medium,1,False,42954.39939800417,91,,,
cloud,qwen2.5-0.5b,F16,medium-001,medium,2,False,34301.1982680182,59,,,
cloud,qwen2.5-0.5b,F16,medium-002,medium,0,True,27596.14532199339,28,,,
cloud,qwen2.5-0.5b,F16,medium-002,medium,1,False,28582.393276999937,32,,,
cloud,qwen2.5-0.5b,F16,medium-002,medium,2,False,28008.958314021584,30,,,
cloud,qwen2.5-0.5b,F16,medium-003,medium,0,True,22066.478681983426,30,,,
cloud,qwen2.5-0.5b,F16,medium-003,medium,1,False,24588.32229700056,40,,,
cloud,qwen2.5-0.5b,F16,medium-003,medium,2,False,24257.88169100997,39,,,
cloud,qwen2.5-0.5b,F16,medium-004,medium,0,True,26243.019282002933,50,,,
cloud,qwen2.5-0.5b,F16,medium-004,medium,1,False,27947.10799798486,53,,,
cloud,qwen2.5-0.5b,F16,medium-004,medium,2,False,26450.424209004268,50,,,
cloud,qwen2.5-0.5b,F16,medium-005,medium,0,True,32501.319030008744,81,,,
cloud,qwen2.5-0.5b,F16,medium-005,medium,1,False,44531.47682797862,128,,,
cloud,qwen2.5-0.5b,F16,medium-005,medium,2,False,33017.73440701072,84,,,
cloud,qwen2.5-0.5b,F16,medium-006,medium,0,True,17455.11719401111,22,,,
cloud,qwen2.5-0.5b,F16,medium-006,medium,1,False,17480.573072010884,22,,,
cloud,qwen2.5-0.5b,F16,medium-006,medium,2,False,17540.489233011613,22,,,
cloud,qwen2.5-0.5b,F16,medium-007,medium,0,True,28396.18392000557,48,,,
cloud,qwen2.5-0.5b,F16,medium-007,medium,1,False,34379.576475999784,73,,,
cloud,qwen2.5-0.5b,F16,medium-007,medium,2,False,35321.77130700438,75,,,
cloud,qwen2.5-0.5b,F16,medium-008,medium,0,True,24779.995302989846,50,,,
cloud,qwen2.5-0.5b,F16,medium-008,medium,1,False,24364.513190026628,48,,,
cloud,qwen2.5-0.5b,F16,medium-008,medium,2,False,28199.274302984122,64,,,
cloud,qwen2.5-0.5b,F16,medium-009,medium,0,True,20374.717225000495,13,,,
cloud,qwen2.5-0.5b,F16,medium-009,medium,1,False,20415.70417501498,13,,,
cloud,qwen2.5-0.5b,F16,medium-009,medium,2,False,20351.122802007012,13,,,
cloud,qwen2.5-0.5b,F16,medium-010,medium,0,True,15659.754164982587,13,,,
cloud,qwen2.5-0.5b,F16,medium-010,medium,1,False,17420.68217799533,21,,,
cloud,qwen2.5-0.5b,F16,medium-010,medium,2,False,15639.05700299074,13,,,
cloud,qwen2.5-0.5b,F16,medium-011,medium,0,True,25090.935893007554,30,,,
cloud,qwen2.5-0.5b,F16,medium-011,medium,1,False,21735.10532200453,17,,,
cloud,qwen2.5-0.5b,F16,medium-011,medium,2,False,22013.266292982735,18,,,
cloud,qwen2.5-0.5b,F16,medium-012,medium,0,True,19686.800514988136,24,,,
cloud,qwen2.5-0.5b,F16,medium-012,medium,1,False,19860.87533700629,24,,,
cloud,qwen2.5-0.5b,F16,medium-012,medium,2,False,20022.18257499044,24,,,
cloud,qwen2.5-0.5b,F16,medium-013,medium,0,True,39392.34093701816,65,,,
cloud,qwen2.5-0.5b,F16,medium-013,medium,1,False,39036.945225001546,63,,,
cloud,qwen2.5-0.5b,F16,medium-013,medium,2,False,39580.76669301954,65,,,
cloud,qwen2.5-0.5b,F16,medium-014,medium,0,True,24840.190843999153,49,,,
cloud,qwen2.5-0.5b,F16,medium-014,medium,1,False,23542.348929011496,43,,,
cloud,qwen2.5-0.5b,F16,medium-014,medium,2,False,24333.2307410019,46,,,
cloud,qwen2.5-0.5b,F16,medium-015,medium,0,True,45757.17206799891,128,,,
cloud,qwen2.5-0.5b,F16,medium-015,medium,1,False,45454.29332900676,128,,,
cloud,qwen2.5-0.5b,F16,medium-015,medium,2,False,45494.92781999288,128,,,
cloud,qwen2.5-0.5b,F16,medium-016,medium,0,True,35663.27766200993,45,,,
cloud,qwen2.5-0.5b,F16,medium-016,medium,1,False,35917.811622988665,45,,,
cloud,qwen2.5-0.5b,F16,medium-016,medium,2,False,35658.4543880017,45,,,
cloud,qwen2.5-0.5b,F16,medium-017,medium,0,True,62385.71049302118,128,,,
cloud,qwen2.5-0.5b,F16,medium-017,medium,1,False,60695.92569998349,128,,,
cloud,qwen2.5-0.5b,F16,medium-017,medium,2,False,61220.26987298159,128,,,
cloud,qwen2.5-0.5b,F16,medium-018,medium,0,True,29685.26912201196,44,,,
cloud,qwen2.5-0.5b,F16,medium-018,medium,1,False,33593.213229993125,60,,,
cloud,qwen2.5-0.5b,F16,medium-018,medium,2,False,35108.85506399791,66,,,
cloud,qwen2.5-0.5b,F16,medium-019,medium,0,True,39263.273276999826,89,,,
cloud,qwen2.5-0.5b,F16,medium-019,medium,1,False,40429.30792999687,89,,,
cloud,qwen2.5-0.5b,F16,medium-019,medium,2,False,39164.38361798646,89,,,
cloud,qwen2.5-0.5b,F16,long-000,long,0,True,74448.58074598596,117,,,
cloud,qwen2.5-0.5b,F16,long-000,long,1,False,79746.8886859715,128,,,
cloud,qwen2.5-0.5b,F16,long-000,long,2,False,76987.82249898068,127,,,
cloud,qwen2.5-0.5b,F16,long-001,long,0,True,62362.63188999146,85,,,
cloud,qwen2.5-0.5b,F16,long-001,long,1,False,50001.24623300508,43,,,
cloud,qwen2.5-0.5b,F16,long-001,long,2,False,49927.90771499858,42,,,
cloud,qwen2.5-0.5b,F16,long-002,long,0,True,52512.68797600642,54,,,
cloud,qwen2.5-0.5b,F16,long-002,long,1,False,49896.98990099714,42,,,
cloud,qwen2.5-0.5b,F16,long-002,long,2,False,51245.28151602135,48,,,
cloud,qwen2.5-0.5b,F16,long-003,long,0,True,81183.29735298175,128,,,
cloud,qwen2.5-0.5b,F16,long-003,long,1,False,78313.04271199042,117,,,
cloud,qwen2.5-0.5b,F16,long-003,long,2,False,82469.93524199934,128,,,
cloud,qwen2.5-0.5b,F16,long-004,long,0,True,60337.00421900721,77,,,
cloud,qwen2.5-0.5b,F16,long-004,long,1,False,65656.17187600583,95,,,
cloud,qwen2.5-0.5b,F16,long-004,long,2,False,60900.12202798971,78,,,
cloud,qwen2.5-0.5b,F16,long-005,long,0,True,60470.7785770006,74,,,
cloud,qwen2.5-0.5b,F16,long-005,long,1,False,50784.1446849925,42,,,
cloud,qwen2.5-0.5b,F16,long-005,long,2,False,59777.97073801048,77,,,
cloud,qwen2.5-0.5b,F16,long-006,long,0,True,84482.729269017,128,,,
cloud,qwen2.5-0.5b,F16,long-006,long,1,False,84850.5619780044,128,,,
cloud,qwen2.5-0.5b,F16,long-006,long,2,False,84403.12381100375,128,,,
cloud,qwen2.5-0.5b,F16,long-007,long,0,True,60545.458991022315,84,,,
cloud,qwen2.5-0.5b,F16,long-007,long,1,False,48984.19516897411,40,,,
cloud,qwen2.5-0.5b,F16,long-007,long,2,False,58890.62232800643,78,,,
cloud,qwen2.5-0.5b,F16,long-008,long,0,True,62009.29014800931,47,,,
cloud,qwen2.5-0.5b,F16,long-008,long,1,False,65162.986668990925,60,,,
cloud,qwen2.5-0.5b,F16,long-008,long,2,False,72192.89922600728,87,,,
cloud,qwen2.5-0.5b,Q4_K_M,short-000,short,0,True,9247.665634000441,25,,,
cloud,qwen2.5-0.5b,Q4_K_M,short-000,short,1,False,9204.069077008171,25,,,
cloud,qwen2.5-0.5b,Q4_K_M,short-000,short,2,False,9331.151577003766,25,,,
cloud,qwen2.5-0.5b,Q4_K_M,short-001,short,0,True,9751.951925994945,17,,,
cloud,qwen2.5-0.5b,Q4_K_M,short-001,short,1,False,9869.007424000301,17,,,
cloud,qwen2.5-0.5b,Q4_K_M,short-001,short,2,False,9805.429015003028,17,,,
cloud,qwen2.5-0.5b,Q4_K_M,short-002,short,0,True,8201.937436999287,4,,,
cloud,qwen2.5-0.5b,Q4_K_M,short-002,short,1,False,8175.4761209886055,4,,,
cloud,qwen2.5-0.5b,Q4_K_M,short-002,short,2,False,8307.183208002243,4,,,
cloud,qwen2.5-0.5b,Q4_K_M,short-003,short,0,True,9075.654380998458,13,,,
cloud,qwen2.5-0.5b,Q4_K_M,short-003,short,1,False,9080.626708993805,13,,,
cloud,qwen2.5-0.5b,Q4_K_M,short-003,short,2,False,9085.46004400705,13,,,
cloud,qwen2.5-0.5b,Q4_K_M,short-004,short,0,True,28798.651299002813,128,,,
cloud,qwen2.5-0.5b,Q4_K_M,short-004,short,1,False,28814.057135998155,128,,,
cloud,qwen2.5-0.5b,Q4_K_M,short-004,short,2,False,28859.784477012,128,,,
cloud,qwen2.5-0.5b,Q4_K_M,short-005,short,0,True,16203.47791101085,47,,,
cloud,qwen2.5-0.5b,Q4_K_M,short-005,short,1,False,16136.49092099513,47,,,
cloud,qwen2.5-0.5b,Q4_K_M,short-005,short,2,False,14905.889235000359,40,,,
cloud,qwen2.5-0.5b,Q4_K_M,short-006,short,0,True,8670.591886009788,13,,,
cloud,qwen2.5-0.5b,Q4_K_M,short-006,short,1,False,8517.840409011114,13,,,
cloud,qwen2.5-0.5b,Q4_K_M,short-006,short,2,False,8571.20172199211,13,,,
cloud,qwen2.5-0.5b,Q4_K_M,short-007,short,0,True,12964.89277499495,38,,,
cloud,qwen2.5-0.5b,Q4_K_M,short-007,short,1,False,13030.775527004153,39,,,
cloud,qwen2.5-0.5b,Q4_K_M,short-007,short,2,False,14698.00167401263,48,,,
cloud,qwen2.5-0.5b,Q4_K_M,short-008,short,0,True,10760.329443000956,16,,,
cloud,qwen2.5-0.5b,Q4_K_M,short-008,short,1,False,10128.937210000004,13,,,
cloud,qwen2.5-0.5b,Q4_K_M,short-008,short,2,False,10143.738954997389,13,,,
cloud,qwen2.5-0.5b,Q4_K_M,short-009,short,0,True,26177.895650005667,108,,,
cloud,qwen2.5-0.5b,Q4_K_M,short-009,short,1,False,23068.84194299346,90,,,
cloud,qwen2.5-0.5b,Q4_K_M,short-009,short,2,False,25439.823884997168,104,,,
cloud,qwen2.5-0.5b,Q4_K_M,short-010,short,0,True,20597.039069005405,82,,,
cloud,qwen2.5-0.5b,Q4_K_M,short-010,short,1,False,18294.320814995444,71,,,
cloud,qwen2.5-0.5b,Q4_K_M,short-010,short,2,False,18043.299805998686,69,,,
cloud,qwen2.5-0.5b,Q4_K_M,short-011,short,0,True,7303.5455889912555,14,,,
cloud,qwen2.5-0.5b,Q4_K_M,short-011,short,1,False,6722.329854994314,11,,,
cloud,qwen2.5-0.5b,Q4_K_M,short-011,short,2,False,6759.474912993028,11,,,
cloud,qwen2.5-0.5b,Q4_K_M,short-012,short,0,True,10207.889226992847,23,,,
cloud,qwen2.5-0.5b,Q4_K_M,short-012,short,1,False,10384.072534012375,23,,,
cloud,qwen2.5-0.5b,Q4_K_M,short-012,short,2,False,9735.968769004103,19,,,
cloud,qwen2.5-0.5b,Q4_K_M,short-013,short,0,True,20829.770658005145,88,,,
cloud,qwen2.5-0.5b,Q4_K_M,short-013,short,1,False,28592.871926011867,128,,,
cloud,qwen2.5-0.5b,Q4_K_M,short-013,short,2,False,20153.368191997288,85,,,
cloud,qwen2.5-0.5b,Q4_K_M,short-014,short,0,True,6823.630383005366,7,,,
cloud,qwen2.5-0.5b,Q4_K_M,short-014,short,1,False,6980.623951996677,7,,,
cloud,qwen2.5-0.5b,Q4_K_M,short-014,short,2,False,7155.8428360003745,7,,,
cloud,qwen2.5-0.5b,Q4_K_M,short-015,short,0,True,8202.731123004924,14,,,
cloud,qwen2.5-0.5b,Q4_K_M,short-015,short,1,False,8147.2998690005625,14,,,
cloud,qwen2.5-0.5b,Q4_K_M,short-015,short,2,False,7988.624128993251,14,,,
cloud,qwen2.5-0.5b,Q4_K_M,short-016,short,0,True,8775.528464000672,24,,,
cloud,qwen2.5-0.5b,Q4_K_M,short-016,short,1,False,8704.302247002488,24,,,
cloud,qwen2.5-0.5b,Q4_K_M,short-016,short,2,False,8817.271819003508,24,,,
cloud,qwen2.5-0.5b,Q4_K_M,short-017,short,0,True,5737.441358010983,7,,,
cloud,qwen2.5-0.5b,Q4_K_M,short-017,short,1,False,5792.028595009469,7,,,
cloud,qwen2.5-0.5b,Q4_K_M,short-017,short,2,False,5793.145796997123,7,,,
cloud,qwen2.5-0.5b,Q4_K_M,short-018,short,0,True,14572.836373001337,47,,,
cloud,qwen2.5-0.5b,Q4_K_M,short-018,short,1,False,15124.097916996107,49,,,
cloud,qwen2.5-0.5b,Q4_K_M,short-018,short,2,False,14446.74853599281,46,,,
cloud,qwen2.5-0.5b,Q4_K_M,short-019,short,0,True,16045.357560011325,61,,,
cloud,qwen2.5-0.5b,Q4_K_M,short-019,short,1,False,17706.0775179998,70,,,
cloud,qwen2.5-0.5b,Q4_K_M,short-019,short,2,False,13208.692451007664,46,,,
cloud,qwen2.5-0.5b,Q4_K_M,medium-000,medium,0,True,21815.65476000833,39,,,
cloud,qwen2.5-0.5b,Q4_K_M,medium-000,medium,1,False,24390.474187006475,52,,,
cloud,qwen2.5-0.5b,Q4_K_M,medium-000,medium,2,False,24937.24040199595,55,,,
cloud,qwen2.5-0.5b,Q4_K_M,medium-001,medium,0,True,31771.810222009663,59,,,
cloud,qwen2.5-0.5b,Q4_K_M,medium-001,medium,1,False,37925.98405999888,91,,,
cloud,qwen2.5-0.5b,Q4_K_M,medium-001,medium,2,False,36063.45931800024,81,,,
cloud,qwen2.5-0.5b,Q4_K_M,medium-002,medium,0,True,28041.330362000735,33,,,
cloud,qwen2.5-0.5b,Q4_K_M,medium-002,medium,1,False,27941.80097100616,33,,,
cloud,qwen2.5-0.5b,Q4_K_M,medium-002,medium,2,False,28021.572516998276,33,,,
cloud,qwen2.5-0.5b,Q4_K_M,medium-003,medium,0,True,24179.286924001644,47,,,
cloud,qwen2.5-0.5b,Q4_K_M,medium-003,medium,1,False,23590.61265399214,43,,,
cloud,qwen2.5-0.5b,Q4_K_M,medium-003,medium,2,False,23450.775806995807,43,,,
cloud,qwen2.5-0.5b,Q4_K_M,medium-004,medium,0,True,26426.237879000837,62,,,
cloud,qwen2.5-0.5b,Q4_K_M,medium-004,medium,1,False,26766.17179599998,62,,,
cloud,qwen2.5-0.5b,Q4_K_M,medium-004,medium,2,False,26947.854091005865,62,,,
cloud,qwen2.5-0.5b,Q4_K_M,medium-005,medium,0,True,37902.68084499985,127,,,
cloud,qwen2.5-0.5b,Q4_K_M,medium-005,medium,1,False,37814.3072870007,128,,,
cloud,qwen2.5-0.5b,Q4_K_M,medium-005,medium,2,False,35841.63368699956,115,,,
cloud,qwen2.5-0.5b,Q4_K_M,medium-006,medium,0,True,17898.682122991886,25,,,
cloud,qwen2.5-0.5b,Q4_K_M,medium-006,medium,1,False,17809.06841700198,25,,,
cloud,qwen2.5-0.5b,Q4_K_M,medium-006,medium,2,False,17785.928862998844,25,,,
cloud,qwen2.5-0.5b,Q4_K_M,medium-007,medium,0,True,27316.83041001088,50,,,
cloud,qwen2.5-0.5b,Q4_K_M,medium-007,medium,1,False,31918.202270011534,72,,,
cloud,qwen2.5-0.5b,Q4_K_M,medium-007,medium,2,False,31440.732521994505,70,,,
cloud,qwen2.5-0.5b,Q4_K_M,medium-008,medium,0,True,31492.823092994513,92,,,
cloud,qwen2.5-0.5b,Q4_K_M,medium-008,medium,1,False,22855.034476000583,46,,,
cloud,qwen2.5-0.5b,Q4_K_M,medium-008,medium,2,False,22876.725255002384,49,,,
cloud,qwen2.5-0.5b,Q4_K_M,medium-009,medium,0,True,20730.883777010604,13,,,
cloud,qwen2.5-0.5b,Q4_K_M,medium-009,medium,1,False,22862.556142004905,23,,,
cloud,qwen2.5-0.5b,Q4_K_M,medium-009,medium,2,False,22978.906927004573,23,,,
cloud,qwen2.5-0.5b,Q4_K_M,medium-010,medium,0,True,15524.51947699592,13,,,
cloud,qwen2.5-0.5b,Q4_K_M,medium-010,medium,1,False,15440.362214998459,13,,,
cloud,qwen2.5-0.5b,Q4_K_M,medium-010,medium,2,False,15593.357081001159,13,,,
cloud,qwen2.5-0.5b,Q4_K_M,medium-011,medium,0,True,25429.81547600357,35,,,
cloud,qwen2.5-0.5b,Q4_K_M,medium-011,medium,1,False,26157.848140996066,38,,,
cloud,qwen2.5-0.5b,Q4_K_M,medium-011,medium,2,False,29566.33113899443,55,,,
cloud,qwen2.5-0.5b,Q4_K_M,medium-012,medium,0,True,19889.191701004165,27,,,
cloud,qwen2.5-0.5b,Q4_K_M,medium-012,medium,1,False,19057.509115998982,23,,,
cloud,qwen2.5-0.5b,Q4_K_M,medium-012,medium,2,False,19476.47371000494,25,,,
cloud,qwen2.5-0.5b,Q4_K_M,medium-013,medium,0,True,32860.29949800286,45,,,
cloud,qwen2.5-0.5b,Q4_K_M,medium-013,medium,1,False,35775.99955999176,60,,,
cloud,qwen2.5-0.5b,Q4_K_M,medium-013,medium,2,False,33524.12151799945,48,,,
cloud,qwen2.5-0.5b,Q4_K_M,medium-014,medium,0,True,23031.873835003353,50,,,
cloud,qwen2.5-0.5b,Q4_K_M,medium-014,medium,1,False,22812.3757239955,49,,,
cloud,qwen2.5-0.5b,Q4_K_M,medium-014,medium,2,False,23737.355498000397,52,,,
cloud,qwen2.5-0.5b,Q4_K_M,medium-015,medium,0,True,39095.29950800061,128,,,
cloud,qwen2.5-0.5b,Q4_K_M,medium-015,medium,1,False,39312.51262499427,128,,,
cloud,qwen2.5-0.5b,Q4_K_M,medium-015,medium,2,False,39222.85992700199,128,,,
cloud,qwen2.5-0.5b,Q4_K_M,medium-016,medium,0,True,33249.1970389965,41,,,
cloud,qwen2.5-0.5b,Q4_K_M,medium-016,medium,1,False,37827.98040600028,64,,,
cloud,qwen2.5-0.5b,Q4_K_M,medium-016,medium,2,False,35074.054414988495,50,,,
cloud,qwen2.5-0.5b,Q4_K_M,medium-017,medium,0,True,54571.5983639966,128,,,
cloud,qwen2.5-0.5b,Q4_K_M,medium-017,medium,1,False,50349.08970599645,103,,,
cloud,qwen2.5-0.5b,Q4_K_M,medium-017,medium,2,False,41956.837530990015,64,,,
cloud,qwen2.5-0.5b,Q4_K_M,medium-018,medium,0,True,34846.52586998709,81,,,
cloud,qwen2.5-0.5b,Q4_K_M,medium-018,medium,1,False,34799.87036901002,80,,,
cloud,qwen2.5-0.5b,Q4_K_M,medium-018,medium,2,False,28697.62404100038,49,,,
cloud,qwen2.5-0.5b,Q4_K_M,medium-019,medium,0,True,29947.090108995326,64,,,
cloud,qwen2.5-0.5b,Q4_K_M,medium-019,medium,1,False,35031.01380199951,89,,,
cloud,qwen2.5-0.5b,Q4_K_M,medium-019,medium,2,False,30019.0246340062,64,,,
cloud,qwen2.5-0.5b,Q4_K_M,long-000,long,0,True,73996.47726799594,128,,,
cloud,qwen2.5-0.5b,Q4_K_M,long-000,long,1,False,72028.84847899259,128,,,
cloud,qwen2.5-0.5b,Q4_K_M,long-000,long,2,False,71867.41156499193,128,,,
cloud,qwen2.5-0.5b,Q4_K_M,long-001,long,0,True,55072.76295800693,71,,,
cloud,qwen2.5-0.5b,Q4_K_M,long-001,long,1,False,66107.54853999242,125,,,
cloud,qwen2.5-0.5b,Q4_K_M,long-001,long,2,False,60352.180560003035,97,,,
cloud,qwen2.5-0.5b,Q4_K_M,long-002,long,0,True,51412.26230098982,52,,,
cloud,qwen2.5-0.5b,Q4_K_M,long-002,long,1,False,54776.730498007964,71,,,
cloud,qwen2.5-0.5b,Q4_K_M,long-002,long,2,False,49760.225389996776,47,,,
cloud,qwen2.5-0.5b,Q4_K_M,long-003,long,0,True,63898.68605800439,70,,,
cloud,qwen2.5-0.5b,Q4_K_M,long-003,long,1,False,66284.50130599958,83,,,
cloud,qwen2.5-0.5b,Q4_K_M,long-003,long,2,False,67912.41689900926,90,,,
cloud,qwen2.5-0.5b,Q4_K_M,long-004,long,0,True,54296.9224940025,66,,,
cloud,qwen2.5-0.5b,Q4_K_M,long-004,long,1,False,55650.526024008286,73,,,
cloud,qwen2.5-0.5b,Q4_K_M,long-004,long,2,False,55371.31983200379,73,,,
cloud,qwen2.5-0.5b,Q4_K_M,long-005,long,0,True,56772.50988299784,75,,,
cloud,qwen2.5-0.5b,Q4_K_M,long-005,long,1,False,57213.34827999817,77,,,
cloud,qwen2.5-0.5b,Q4_K_M,long-005,long,2,False,66081.13651500025,118,,,
cloud,qwen2.5-0.5b,Q4_K_M,long-006,long,0,True,79267.90405799693,128,,,
cloud,qwen2.5-0.5b,Q4_K_M,long-006,long,1,False,79247.25711499923,128,,,
cloud,qwen2.5-0.5b,Q4_K_M,long-006,long,2,False,79186.66157599364,128,,,
cloud,qwen2.5-0.5b,Q4_K_M,long-007,long,0,True,51833.97926999896,57,,,
cloud,qwen2.5-0.5b,Q4_K_M,long-007,long,1,False,63074.287344003096,111,,,
cloud,qwen2.5-0.5b,Q4_K_M,long-007,long,2,False,50149.94102799392,49,,,
cloud,qwen2.5-0.5b,Q4_K_M,long-008,long,0,True,61547.353932008264,49,,,
cloud,qwen2.5-0.5b,Q4_K_M,long-008,long,1,False,68698.31675299793,81,,,
cloud,qwen2.5-0.5b,Q4_K_M,long-008,long,2,False,61160.06417400786,44,,,
cloud,qwen2.5-0.5b,Q8_0,short-000,short,0,True,2312.6174490025733,24,,,
cloud,qwen2.5-0.5b,Q8_0,short-000,short,1,False,2499.4827319897013,25,,,
cloud,qwen2.5-0.5b,Q8_0,short-000,short,2,False,2368.6113389994716,25,,,
cloud,qwen2.5-0.5b,Q8_0,short-001,short,0,True,2422.244295012206,17,,,
cloud,qwen2.5-0.5b,Q8_0,short-001,short,1,False,2509.119611000642,17,,,
cloud,qwen2.5-0.5b,Q8_0,short-001,short,2,False,2483.9523489936255,17,,,
cloud,qwen2.5-0.5b,Q8_0,short-002,short,0,True,1885.6139599956805,4,,,
cloud,qwen2.5-0.5b,Q8_0,short-002,short,1,False,1904.8757160053356,4,,,
cloud,qwen2.5-0.5b,Q8_0,short-002,short,2,False,1930.7316839986015,4,,,
cloud,qwen2.5-0.5b,Q8_0,short-003,short,0,True,2262.793000001693,13,,,
cloud,qwen2.5-0.5b,Q8_0,short-003,short,1,False,2248.8880239980062,13,,,
cloud,qwen2.5-0.5b,Q8_0,short-003,short,2,False,2338.4819909988437,13,,,
cloud,qwen2.5-0.5b,Q8_0,short-004,short,0,True,8419.75986098987,120,,,
cloud,qwen2.5-0.5b,Q8_0,short-004,short,1,False,5411.195628999849,80,,,
cloud,qwen2.5-0.5b,Q8_0,short-004,short,2,False,5411.2527089891955,79,,,
cloud,qwen2.5-0.5b,Q8_0,short-005,short,0,True,2697.5007220025873,18,,,
cloud,qwen2.5-0.5b,Q8_0,short-005,short,1,False,2656.6648229927523,18,,,
cloud,qwen2.5-0.5b,Q8_0,short-005,short,2,False,2646.339536004234,18,,,
cloud,qwen2.5-0.5b,Q8_0,short-006,short,0,True,2274.2121189949103,14,,,
cloud,qwen2.5-0.5b,Q8_0,short-006,short,1,False,2186.966029010364,14,,,
cloud,qwen2.5-0.5b,Q8_0,short-006,short,2,False,2066.781636007363,12,,,
cloud,qwen2.5-0.5b,Q8_0,short-007,short,0,True,2478.274237990263,21,,,
cloud,qwen2.5-0.5b,Q8_0,short-007,short,1,False,2989.779917988926,21,,,
cloud,qwen2.5-0.5b,Q8_0,short-007,short,2,False,5452.296162999119,62,,,
cloud,qwen2.5-0.5b,Q8_0,short-008,short,0,True,3958.5411050065886,41,,,
cloud,qwen2.5-0.5b,Q8_0,short-008,short,1,False,4128.366450997419,44,,,
cloud,qwen2.5-0.5b,Q8_0,short-008,short,2,False,4674.381299002562,53,,,
cloud,qwen2.5-0.5b,Q8_0,short-009,short,0,True,5680.651317990851,78,,,
cloud,qwen2.5-0.5b,Q8_0,short-009,short,1,False,2997.5230430136435,29,,,
cloud,qwen2.5-0.5b,Q8_0,short-009,short,2,False,6784.925618994748,94,,,
cloud,qwen2.5-0.5b,Q8_0,short-010,short,0,True,5233.400650991825,74,,,
cloud,qwen2.5-0.5b,Q8_0,short-010,short,1,False,5250.576196005568,69,,,
cloud,qwen2.5-0.5b,Q8_0,short-010,short,2,False,5475.844439002685,72,,,
cloud,qwen2.5-0.5b,Q8_0,short-011,short,0,True,1877.0957500091754,16,,,
cloud,qwen2.5-0.5b,Q8_0,short-011,short,1,False,1897.972831997322,16,,,
cloud,qwen2.5-0.5b,Q8_0,short-011,short,2,False,1979.3225300090853,16,,,
cloud,qwen2.5-0.5b,Q8_0,short-012,short,0,True,2358.80398399604,19,,,
cloud,qwen2.5-0.5b,Q8_0,short-012,short,1,False,2533.9495399966836,21,,,
cloud,qwen2.5-0.5b,Q8_0,short-012,short,2,False,2674.3204700032948,22,,,
cloud,qwen2.5-0.5b,Q8_0,short-013,short,0,True,6407.885546999751,93,,,
cloud,qwen2.5-0.5b,Q8_0,short-013,short,1,False,4166.690186000778,59,,,
cloud,qwen2.5-0.5b,Q8_0,short-013,short,2,False,2122.035747001064,20,,,
cloud,qwen2.5-0.5b,Q8_0,short-014,short,0,True,1639.1687959985575,7,,,
cloud,qwen2.5-0.5b,Q8_0,short-014,short,1,False,1615.879267003038,7,,,
cloud,qwen2.5-0.5b,Q8_0,short-014,short,2,False,1636.2581980065443,7,,,
cloud,qwen2.5-0.5b,Q8_0,short-015,short,0,True,1817.1381050051423,11,,,
cloud,qwen2.5-0.5b,Q8_0,short-015,short,1,False,2089.85881699482,11,,,
cloud,qwen2.5-0.5b,Q8_0,short-015,short,2,False,2256.7198850010755,11,,,
cloud,qwen2.5-0.5b,Q8_0,short-016,short,0,True,3361.577566000051,44,,,
cloud,qwen2.5-0.5b,Q8_0,short-016,short,1,False,2344.6760139922844,24,,,
cloud,qwen2.5-0.5b,Q8_0,short-016,short,2,False,2262.9134409944527,24,,,
cloud,qwen2.5-0.5b,Q8_0,short-017,short,0,True,1490.2128989924677,8,,,
cloud,qwen2.5-0.5b,Q8_0,short-017,short,1,False,2261.175441002706,8,,,
cloud,qwen2.5-0.5b,Q8_0,short-017,short,2,False,1479.9167309975019,8,,,
cloud,qwen2.5-0.5b,Q8_0,short-018,short,0,True,3937.6078700006474,48,,,
cloud,qwen2.5-0.5b,Q8_0,short-018,short,1,False,4043.987325989292,47,,,
cloud,qwen2.5-0.5b,Q8_0,short-018,short,2,False,3811.2699129997054,45,,,
cloud,qwen2.5-0.5b,Q8_0,short-019,short,0,True,3623.856867008726,46,,,
cloud,qwen2.5-0.5b,Q8_0,short-019,short,1,False,3650.1413590012817,47,,,
cloud,qwen2.5-0.5b,Q8_0,short-019,short,2,False,4052.149580005789,51,,,
cloud,qwen2.5-0.5b,Q8_0,medium-000,medium,0,True,6020.725216993014,39,,,
cloud,qwen2.5-0.5b,Q8_0,medium-000,medium,1,False,5649.689981000847,39,,,
cloud,qwen2.5-0.5b,Q8_0,medium-000,medium,2,False,5745.348358002957,39,,,
cloud,qwen2.5-0.5b,Q8_0,medium-001,medium,0,True,10272.952201994485,89,,,
cloud,qwen2.5-0.5b,Q8_0,medium-001,medium,1,False,10671.058191990596,88,,,
cloud,qwen2.5-0.5b,Q8_0,medium-001,medium,2,False,10260.218955998425,78,,,
cloud,qwen2.5-0.5b,Q8_0,medium-002,medium,0,True,6621.981889999006,34,,,
cloud,qwen2.5-0.5b,Q8_0,medium-002,medium,1,False,6647.653587991954,33,,,
cloud,qwen2.5-0.5b,Q8_0,medium-002,medium,2,False,6495.288300997345,30,,,
cloud,qwen2.5-0.5b,Q8_0,medium-003,medium,0,True,5878.200053994078,39,,,
cloud,qwen2.5-0.5b,Q8_0,medium-003,medium,1,False,5116.167127998779,29,,,
cloud,qwen2.5-0.5b,Q8_0,medium-003,medium,2,False,5638.555570010794,40,,,
cloud,qwen2.5-0.5b,Q8_0,medium-004,medium,0,True,6844.897450006101,53,,,
cloud,qwen2.5-0.5b,Q8_0,medium-004,medium,1,False,6505.029524007114,55,,,
cloud,qwen2.5-0.5b,Q8_0,medium-004,medium,2,False,9208.538961000158,51,,,
cloud,qwen2.5-0.5b,Q8_0,medium-005,medium,0,True,11569.554302986944,126,,,
cloud,qwen2.5-0.5b,Q8_0,medium-005,medium,1,False,11019.155086978571,128,,,
cloud,qwen2.5-0.5b,Q8_0,medium-005,medium,2,False,8260.842220013728,94,,,
cloud,qwen2.5-0.5b,Q8_0,medium-006,medium,0,True,3979.069711989723,22,,,
cloud,qwen2.5-0.5b,Q8_0,medium-006,medium,1,False,4254.99822301208,22,,,
cloud,qwen2.5-0.5b,Q8_0,medium-006,medium,2,False,3948.754106007982,22,,,
cloud,qwen2.5-0.5b,Q8_0,medium-007,medium,0,True,8196.001014002832,74,,,
cloud,qwen2.5-0.5b,Q8_0,medium-007,medium,1,False,8694.677764986409,74,,,
cloud,qwen2.5-0.5b,Q8_0,medium-007,medium,2,False,11019.781535986112,72,,,
cloud,qwen2.5-0.5b,Q8_0,medium-008,medium,0,True,9942.20573300845,67,,,
cloud,qwen2.5-0.5b,Q8_0,medium-008,medium,1,False,6277.871541999048,45,,,
cloud,qwen2.5-0.5b,Q8_0,medium-008,medium,2,False,6926.856052014045,71,,,
cloud,qwen2.5-0.5b,Q8_0,medium-009,medium,0,True,4692.5396919832565,16,,,
cloud,qwen2.5-0.5b,Q8_0,medium-009,medium,1,False,4707.457575015724,16,,,
cloud,qwen2.5-0.5b,Q8_0,medium-009,medium,2,False,5211.9949359912425,16,,,
cloud,qwen2.5-0.5b,Q8_0,medium-010,medium,0,True,5609.353901003487,23,,,
cloud,qwen2.5-0.5b,Q8_0,medium-010,medium,1,False,7848.505799018312,13,,,
cloud,qwen2.5-0.5b,Q8_0,medium-010,medium,2,False,4188.473226997303,13,,,
cloud,qwen2.5-0.5b,Q8_0,medium-011,medium,0,True,7106.19124097866,52,,,
cloud,qwen2.5-0.5b,Q8_0,medium-011,medium,1,False,7720.485827012453,54,,,
cloud,qwen2.5-0.5b,Q8_0,medium-011,medium,2,False,5908.098624990089,26,,,
cloud,qwen2.5-0.5b,Q8_0,medium-012,medium,0,True,4686.745081999106,24,,,
cloud,qwen2.5-0.5b,Q8_0,medium-012,medium,1,False,4547.132325009443,23,,,
cloud,qwen2.5-0.5b,Q8_0,medium-012,medium,2,False,4753.779143007705,23,,,
cloud,qwen2.5-0.5b,Q8_0,medium-013,medium,0,True,8991.96149999625,54,,,
cloud,qwen2.5-0.5b,Q8_0,medium-013,medium,1,False,8410.579659976065,49,,,
cloud,qwen2.5-0.5b,Q8_0,medium-013,medium,2,False,9026.098058995558,57,,,
cloud,qwen2.5-0.5b,Q8_0,medium-014,medium,0,True,5678.163133998169,43,,,
cloud,qwen2.5-0.5b,Q8_0,medium-014,medium,1,False,5684.340595995309,41,,,
cloud,qwen2.5-0.5b,Q8_0,medium-014,medium,2,False,6185.244954016525,49,,,
cloud,qwen2.5-0.5b,Q8_0,medium-015,medium,0,True,14278.752182988683,128,,,
cloud,qwen2.5-0.5b,Q8_0,medium-015,medium,1,False,12878.083849995164,128,,,
cloud,qwen2.5-0.5b,Q8_0,medium-015,medium,2,False,12027.583544986555,128,,,
cloud,qwen2.5-0.5b,Q8_0,medium-016,medium,0,True,14960.843786015175,63,,,
cloud,qwen2.5-0.5b,Q8_0,medium-016,medium,1,False,10337.10615101154,45,,,
cloud,qwen2.5-0.5b,Q8_0,medium-016,medium,2,False,13504.066845984198,44,,,
cloud,qwen2.5-0.5b,Q8_0,medium-017,medium,0,True,32455.33354699728,128,,,
cloud,qwen2.5-0.5b,Q8_0,medium-017,medium,1,False,18490.16906702309,128,,,
cloud,qwen2.5-0.5b,Q8_0,medium-017,medium,2,False,15618.164624000201,128,,,
cloud,qwen2.5-0.5b,Q8_0,medium-018,medium,0,True,6888.6064299731515,44,,,
cloud,qwen2.5-0.5b,Q8_0,medium-018,medium,1,False,6791.803411993897,44,,,
cloud,qwen2.5-0.5b,Q8_0,medium-018,medium,2,False,6954.718855005922,44,,,
cloud,qwen2.5-0.5b,Q8_0,medium-019,medium,0,True,11053.79646300571,89,,,
cloud,qwen2.5-0.5b,Q8_0,medium-019,medium,1,False,12588.088146003429,128,,,
cloud,qwen2.5-0.5b,Q8_0,medium-019,medium,2,False,9397.8348300152,89,,,
cloud,qwen2.5-0.5b,Q8_0,long-000,long,0,True,20236.431859986624,128,,,
cloud,qwen2.5-0.5b,Q8_0,long-000,long,1,False,18474.98458600603,111,,,
cloud,qwen2.5-0.5b,Q8_0,long-000,long,2,False,18922.3224039888,116,,,
cloud,qwen2.5-0.5b,Q8_0,long-001,long,0,True,12948.570901993662,56,,,
cloud,qwen2.5-0.5b,Q8_0,long-001,long,1,False,12847.872282989556,46,,,
cloud,qwen2.5-0.5b,Q8_0,long-001,long,2,False,12884.312158974353,43,,,
cloud,qwen2.5-0.5b,Q8_0,long-002,long,0,True,10739.916210004594,29,,,
cloud,qwen2.5-0.5b,Q8_0,long-002,long,1,False,13219.271632988239,52,,,
cloud,qwen2.5-0.5b,Q8_0,long-002,long,2,False,13704.87072400283,49,,,
cloud,qwen2.5-0.5b,Q8_0,long-003,long,0,True,23169.845427008113,128,,,
cloud,qwen2.5-0.5b,Q8_0,long-003,long,1,False,20834.88766098162,128,,,
cloud,qwen2.5-0.5b,Q8_0,long-003,long,2,False,16630.95044202055,64,,,
cloud,qwen2.5-0.5b,Q8_0,long-004,long,0,True,16835.19853799953,102,,,
cloud,qwen2.5-0.5b,Q8_0,long-004,long,1,False,16041.172651021043,92,,,
cloud,qwen2.5-0.5b,Q8_0,long-004,long,2,False,14944.857800001046,79,,,
cloud,qwen2.5-0.5b,Q8_0,long-005,long,0,True,13303.24498002301,54,,,
cloud,qwen2.5-0.5b,Q8_0,long-005,long,1,False,14758.844258991303,76,,,
cloud,qwen2.5-0.5b,Q8_0,long-005,long,2,False,12877.054207987385,51,,,
cloud,qwen2.5-0.5b,Q8_0,long-006,long,0,True,21474.65538000688,128,,,
cloud,qwen2.5-0.5b,Q8_0,long-006,long,1,False,21372.680858999956,128,,,
cloud,qwen2.5-0.5b,Q8_0,long-006,long,2,False,21403.845210006693,128,,,
cloud,qwen2.5-0.5b,Q8_0,long-007,long,0,True,12945.574601995759,55,,,
cloud,qwen2.5-0.5b,Q8_0,long-007,long,1,False,13833.522578992415,67,,,
cloud,qwen2.5-0.5b,Q8_0,long-007,long,2,False,14764.717312995344,79,,,
cloud,qwen2.5-0.5b,Q8_0,long-008,long,0,True,16291.397247026907,65,,,
cloud,qwen2.5-0.5b,Q8_0,long-008,long,1,False,18221.487611997873,92,,,
cloud,qwen2.5-0.5b,Q8_0,long-008,long,2,False,18044.96588499751,86,,,
cloud,tinyllama-1.1b,F16,short-000,short,0,True,73305.48034900858,128,,,
cloud,tinyllama-1.1b,F16,short-000,short,1,False,72162.724179012,128,,,
cloud,tinyllama-1.1b,F16,short-000,short,2,False,72334.75105300022,128,,,
cloud,tinyllama-1.1b,F16,short-001,short,0,True,81571.65126499604,128,,,
cloud,tinyllama-1.1b,F16,short-001,short,1,False,82329.20173399907,128,,,
cloud,tinyllama-1.1b,F16,short-001,short,2,False,85467.032474,128,,,
cloud,tinyllama-1.1b,F16,short-002,short,0,True,47833.1058039912,53,,,
cloud,tinyllama-1.1b,F16,short-002,short,1,False,72496.49831598799,107,,,
cloud,tinyllama-1.1b,F16,short-002,short,2,False,50838.258247997146,59,,,
cloud,tinyllama-1.1b,F16,short-003,short,0,True,30099.775265000062,18,,,
cloud,tinyllama-1.1b,F16,short-003,short,1,False,30048.57742099557,18,,,
cloud,tinyllama-1.1b,F16,short-003,short,2,False,31122.905904005165,20,,,
cloud,tinyllama-1.1b,F16,short-004,short,0,True,77584.05427201069,128,,,
cloud,tinyllama-1.1b,F16,short-004,short,1,False,74762.27356698655,128,,,
cloud,tinyllama-1.1b,F16,short-004,short,2,False,74377.36003700411,128,,,
cloud,tinyllama-1.1b,F16,short-005,short,0,True,86486.6955470061,128,,,
cloud,tinyllama-1.1b,F16,short-005,short,1,False,82508.36616900051,128,,,
cloud,tinyllama-1.1b,F16,short-005,short,2,False,81566.84785999823,128,,,
cloud,tinyllama-1.1b,F16,short-006,short,0,True,25064.167853008257,13,,,
cloud,tinyllama-1.1b,F16,short-006,short,1,False,25218.51154199976,13,,,
cloud,tinyllama-1.1b,F16,short-006,short,2,False,25115.934479006683,13,,,
cloud,tinyllama-1.1b,F16,short-007,short,0,True,77361.39735000324,128,,,
cloud,tinyllama-1.1b,F16,short-007,short,1,False,77785.52545400453,128,,,
cloud,tinyllama-1.1b,F16,short-007,short,2,False,78065.01986799412,128,,,
cloud,tinyllama-1.1b,F16,short-008,short,0,True,81402.71780198964,128,,,
cloud,tinyllama-1.1b,F16,short-008,short,1,False,81502.32438900275,128,,,
cloud,tinyllama-1.1b,F16,short-008,short,2,False,82146.2661800033,128,,,
cloud,tinyllama-1.1b,F16,short-009,short,0,True,77606.51022501406,128,,,
cloud,tinyllama-1.1b,F16,short-009,short,1,False,77813.00329699297,128,,,
cloud,tinyllama-1.1b,F16,short-009,short,2,False,78263.48915800918,128,,,
cloud,tinyllama-1.1b,F16,short-010,short,0,True,75883.07707301283,128,,,
cloud,tinyllama-1.1b,F16,short-010,short,1,False,71543.88167700381,119,,,
cloud,tinyllama-1.1b,F16,short-010,short,2,False,66603.53425198991,109,,,
cloud,tinyllama-1.1b,F16,short-011,short,0,True,74244.91261600633,128,,,
cloud,tinyllama-1.1b,F16,short-011,short,1,False,74606.14794900175,128,,,
cloud,tinyllama-1.1b,F16,short-011,short,2,False,74641.61316299578,128,,,
cloud,tinyllama-1.1b,F16,short-012,short,0,True,63697.655651005334,96,,,
cloud,tinyllama-1.1b,F16,short-012,short,1,False,64559.93198699434,99,,,
cloud,tinyllama-1.1b,F16,short-012,short,2,False,73745.52806001157,118,,,
cloud,tinyllama-1.1b,F16,short-013,short,0,True,73784.94427799887,128,,,
cloud,tinyllama-1.1b,F16,short-013,short,1,False,74431.5656030085,128,,,
cloud,tinyllama-1.1b,F16,short-013,short,2,False,76782.36165399721,128,,,
cloud,tinyllama-1.1b,F16,short-014,short,0,True,21452.04716399894,8,,,
cloud,tinyllama-1.1b,F16,short-014,short,1,False,21653.09608899406,8,,,
cloud,tinyllama-1.1b,F16,short-014,short,2,False,21688.65409299906,8,,,
cloud,tinyllama-1.1b,F16,short-015,short,0,True,23571.995987003902,11,,,
cloud,tinyllama-1.1b,F16,short-015,short,1,False,23833.21951900143,11,,,
cloud,tinyllama-1.1b,F16,short-015,short,2,False,26131.926246991497,17,,,
cloud,tinyllama-1.1b,F16,short-016,short,0,True,60989.67470800562,104,,,
cloud,tinyllama-1.1b,F16,short-016,short,1,False,63561.456705007,108,,,
cloud,tinyllama-1.1b,F16,short-016,short,2,False,59957.82837799925,102,,,
cloud,tinyllama-1.1b,F16,short-017,short,0,True,67173.42682200251,108,,,
cloud,tinyllama-1.1b,F16,short-017,short,1,False,51529.04777599906,80,,,
cloud,tinyllama-1.1b,F16,short-017,short,2,False,58294.37619599048,95,,,
cloud,tinyllama-1.1b,F16,short-018,short,0,True,76808.730920995,128,,,
cloud,tinyllama-1.1b,F16,short-018,short,1,False,77303.84046200197,128,,,
cloud,tinyllama-1.1b,F16,short-018,short,2,False,77611.11877599615,128,,,
cloud,tinyllama-1.1b,F16,short-019,short,0,True,73437.39142798586,128,,,
cloud,tinyllama-1.1b,F16,short-019,short,1,False,73519.33164900402,128,,,
cloud,tinyllama-1.1b,F16,short-019,short,2,False,73383.77202500124,128,,,
cloud,tinyllama-1.1b,F16,medium-000,medium,0,True,69636.96689099015,63,,,
cloud,tinyllama-1.1b,F16,medium-000,medium,1,False,69890.72230899183,64,,,
cloud,tinyllama-1.1b,F16,medium-000,medium,2,False,69064.94086900784,64,,,
cloud,tinyllama-1.1b,F16,medium-001,medium,0,True,107978.11805500533,106,,,
cloud,tinyllama-1.1b,F16,medium-001,medium,1,False,77558.28454399307,41,,,
cloud,tinyllama-1.1b,F16,medium-001,medium,2,False,98810.43786100054,87,,,
cloud,tinyllama-1.1b,F16,medium-002,medium,0,True,123009.75948901032,128,,,
cloud,tinyllama-1.1b,F16,medium-002,medium,1,False,122947.14954799565,128,,,
cloud,tinyllama-1.1b,F16,medium-002,medium,2,False,125617.820569998,128,,,
cloud,tinyllama-1.1b,F16,medium-003,medium,0,True,81910.28809999989,82,,,
cloud,tinyllama-1.1b,F16,medium-003,medium,1,False,63528.12857500976,42,,,
cloud,tinyllama-1.1b,F16,medium-003,medium,2,False,75115.21264699695,68,,,
cloud,tinyllama-1.1b,F16,medium-004,medium,0,True,65090.41725700081,53,,,
cloud,tinyllama-1.1b,F16,medium-004,medium,1,False,64533.68642998976,52,,,
cloud,tinyllama-1.1b,F16,medium-004,medium,2,False,64429.41455599794,52,,,
cloud,tinyllama-1.1b,F16,medium-005,medium,0,True,95073.48049600841,128,,,
cloud,tinyllama-1.1b,F16,medium-005,medium,1,False,94290.52237900032,128,,,
cloud,tinyllama-1.1b,F16,medium-005,medium,2,False,95109.7320960107,128,,,
cloud,tinyllama-1.1b,F16,medium-006,medium,0,True,61479.88082800293,56,,,
cloud,tinyllama-1.1b,F16,medium-006,medium,1,False,61569.15797801048,56,,,
cloud,tinyllama-1.1b,F16,medium-006,medium,2,False,61649.5194320014,56,,,
cloud,tinyllama-1.1b,F16,medium-007,medium,0,True,80404.90316000069,76,,,
cloud,tinyllama-1.1b,F16,medium-007,medium,1,False,87257.18155399954,92,,,
cloud,tinyllama-1.1b,F16,medium-007,medium,2,False,90422.40548299742,97,,,
cloud,tinyllama-1.1b,F16,medium-008,medium,0,True,98166.84183300822,128,,,
cloud,tinyllama-1.1b,F16,medium-008,medium,1,False,96865.53737599752,128,,,
cloud,tinyllama-1.1b,F16,medium-008,medium,2,False,100421.53660200711,128,,,
cloud,tinyllama-1.1b,F16,medium-009,medium,0,True,109061.3397309935,128,,,
cloud,tinyllama-1.1b,F16,medium-009,medium,1,False,108752.83356400905,128,,,
cloud,tinyllama-1.1b,F16,medium-009,medium,2,False,108214.48818899808,128,,,
cloud,tinyllama-1.1b,F16,medium-010,medium,0,True,53416.25355499855,39,,,
cloud,tinyllama-1.1b,F16,medium-010,medium,1,False,53966.880924010184,40,,,
cloud,tinyllama-1.1b,F16,medium-010,medium,2,False,53778.31484300259,40,,,
cloud,tinyllama-1.1b,F16,medium-011,medium,0,True,84449.33618599316,76,,,
cloud,tinyllama-1.1b,F16,medium-011,medium,1,False,84861.612194989,77,,,
cloud,tinyllama-1.1b,F16,medium-011,medium,2,False,84314.63486599387,76,,,
cloud,tinyllama-1.1b,F16,medium-012,medium,0,True,99640.62783899135,128,,,
cloud,tinyllama-1.1b,F16,medium-012,medium,1,False,99905.41591100919,128,,,
cloud,tinyllama-1.1b,F16,medium-012,medium,2,False,82582.79428101378,91,,,
cloud,tinyllama-1.1b,F16,medium-013,medium,0,True,128386.31604600232,128,,,
cloud,tinyllama-1.1b,F16,medium-013,medium,1,False,128340.4523400095,128,,,
cloud,tinyllama-1.1b,F16,medium-013,medium,2,False,128872.64961200708,128,,,
cloud,tinyllama-1.1b,F16,medium-014,medium,0,True,98609.11056600162,128,,,
cloud,tinyllama-1.1b,F16,medium-014,medium,1,False,98330.19897001213,128,,,
cloud,tinyllama-1.1b,F16,medium-014,medium,2,False,97756.629771,128,,,
cloud,tinyllama-1.1b,F16,medium-015,medium,0,True,99152.94875300606,128,,,
cloud,tinyllama-1.1b,F16,medium-015,medium,1,False,99692.56178000069,128,,,
cloud,tinyllama-1.1b,F16,medium-015,medium,2,False,99637.0156960038,128,,,
cloud,tinyllama-1.1b,F16,medium-016,medium,0,True,122082.32497501012,111,,,
cloud,tinyllama-1.1b,F16,medium-016,medium,1,False,113535.49862500222,92,,,
cloud,tinyllama-1.1b,F16,medium-016,medium,2,False,127806.11767499067,122,,,
cloud,tinyllama-1.1b,F16,medium-017,medium,0,True,141527.902360991,128,,,
cloud,tinyllama-1.1b,F16,medium-017,medium,1,False,143024.36382800806,128,,,
cloud,tinyllama-1.1b,F16,medium-017,medium,2,False,140894.71003999643,128,,,
cloud,tinyllama-1.1b,F16,medium-018,medium,0,True,122531.13860999292,128,,,
cloud,tinyllama-1.1b,F16,medium-018,medium,1,False,120142.40403599979,128,,,
cloud,tinyllama-1.1b,F16,medium-018,medium,2,False,121204.00752799469,128,,,
cloud,tinyllama-1.1b,F16,medium-019,medium,0,True,104492.47231599293,119,,,
cloud,tinyllama-1.1b,F16,medium-019,medium,1,False,104028.15082699817,119,,,
cloud,tinyllama-1.1b,F16,medium-019,medium,2,False,99768.93287799612,105,,,
cloud,tinyllama-1.1b,F16,long-000,long,0,True,186876.57968400163,128,,,
cloud,tinyllama-1.1b,F16,long-000,long,1,False,186396.01346199925,128,,,
cloud,tinyllama-1.1b,F16,long-000,long,2,False,186065.97286599572,128,,,
cloud,tinyllama-1.1b,F16,long-001,long,0,True,170055.01217200072,128,,,
cloud,tinyllama-1.1b,F16,long-001,long,1,False,153458.1864799984,96,,,
cloud,tinyllama-1.1b,F16,long-001,long,2,False,169620.18293899018,128,,,
cloud,tinyllama-1.1b,F16,long-002,long,0,True,168653.56879601313,125,,,
cloud,tinyllama-1.1b,F16,long-002,long,2,False,169911.8766860047,128,,,
cloud,tinyllama-1.1b,F16,long-003,long,0,True,199526.86364499095,128,,,
cloud,tinyllama-1.1b,F16,long-003,long,1,False,199216.9148279936,128,,,
cloud,tinyllama-1.1b,F16,long-003,long,2,False,199773.44450500095,128,,,
cloud,tinyllama-1.1b,F16,long-004,long,0,True,170398.74113300175,128,,,
cloud,tinyllama-1.1b,F16,long-004,long,1,False,171401.12767800747,128,,,
cloud,tinyllama-1.1b,F16,long-004,long,2,False,170326.79685999756,128,,,
cloud,tinyllama-1.1b,F16,long-005,long,0,True,179034.332367999,128,,,
cloud,tinyllama-1.1b,F16,long-005,long,1,False,179085.96342500823,128,,,
cloud,tinyllama-1.1b,F16,long-005,long,2,False,178816.4781959931,128,,,
cloud,tinyllama-1.1b,F16,long-006,long,0,True,196923.42504499538,128,,,
cloud,tinyllama-1.1b,F16,long-006,long,1,False,198346.7648490041,128,,,
cloud,tinyllama-1.1b,F16,long-006,long,2,False,200020.58117899287,128,,,
cloud,tinyllama-1.1b,F16,long-007,long,0,True,169797.7022499981,128,,,
cloud,tinyllama-1.1b,F16,long-007,long,1,False,169413.01079500408,128,,,
cloud,tinyllama-1.1b,F16,long-007,long,2,False,174469.47302600893,128,,,
cloud,tinyllama-1.1b,F16,long-008,long,0,True,207735.8880959946,128,,,
cloud,tinyllama-1.1b,F16,long-008,long,1,False,207012.4110790057,128,,,
cloud,tinyllama-1.1b,F16,long-008,long,2,False,208106.12753599708,128,,,
cloud,tinyllama-1.1b,F16,long-002,long,1,False,171870.6983180018,125,,,
cloud,tinyllama-1.1b,Q4_K_M,short-000,short,0,True,66603.38032199797,128,,,
cloud,tinyllama-1.1b,Q4_K_M,short-000,short,1,False,66960.41500200226,128,,,
cloud,tinyllama-1.1b,Q4_K_M,short-000,short,2,False,68965.00232999824,128,,,
cloud,tinyllama-1.1b,Q4_K_M,short-001,short,0,True,73880.44198699936,128,,,
cloud,tinyllama-1.1b,Q4_K_M,short-001,short,1,False,73825.65014500142,128,,,
cloud,tinyllama-1.1b,Q4_K_M,short-001,short,2,False,74353.03209400445,128,,,
cloud,tinyllama-1.1b,Q4_K_M,short-002,short,0,True,70662.91476500191,115,,,
cloud,tinyllama-1.1b,Q4_K_M,short-002,short,1,False,58125.14517400268,87,,,
cloud,tinyllama-1.1b,Q4_K_M,short-002,short,2,False,66295.07912199915,108,,,
cloud,tinyllama-1.1b,Q4_K_M,short-003,short,0,True,29876.23540200002,23,,,
cloud,tinyllama-1.1b,Q4_K_M,short-003,short,1,False,30150.41762799956,24,,,
cloud,tinyllama-1.1b,Q4_K_M,short-003,short,2,False,30247.36520699662,24,,,
cloud,tinyllama-1.1b,Q4_K_M,short-004,short,0,True,67175.74542800139,128,,,
cloud,tinyllama-1.1b,Q4_K_M,short-004,short,1,False,67663.8999429997,128,,,
cloud,tinyllama-1.1b,Q4_K_M,short-004,short,2,False,66353.28733699862,128,,,
cloud,tinyllama-1.1b,Q4_K_M,short-005,short,0,True,78006.05624300078,128,,,
cloud,tinyllama-1.1b,Q4_K_M,short-005,short,1,False,78768.34406399576,128,,,
cloud,tinyllama-1.1b,Q4_K_M,short-005,short,2,False,75536.94436999649,128,,,
cloud,tinyllama-1.1b,Q4_K_M,short-006,short,0,True,22619.14368300495,11,,,
cloud,tinyllama-1.1b,Q4_K_M,short-006,short,1,False,22673.252499997034,11,,,
cloud,tinyllama-1.1b,Q4_K_M,short-006,short,2,False,22623.49565900513,11,,,
cloud,tinyllama-1.1b,Q4_K_M,short-007,short,0,True,69801.30103800184,128,,,
cloud,tinyllama-1.1b,Q4_K_M,short-007,short,1,False,72036.4338060026,128,,,
cloud,tinyllama-1.1b,Q4_K_M,short-007,short,2,False,70681.57727400103,128,,,
cloud,tinyllama-1.1b,Q4_K_M,short-008,short,0,True,76657.39239699906,128,,,
cloud,tinyllama-1.1b,Q4_K_M,short-008,short,1,False,75878.27168500371,128,,,
cloud,tinyllama-1.1b,Q4_K_M,short-008,short,2,False,74368.28888500168,128,,,
cloud,tinyllama-1.1b,Q4_K_M,short-009,short,0,True,69846.89946399885,128,,,
cloud,tinyllama-1.1b,Q4_K_M,short-009,short,1,False,69974.8627519948,128,,,
cloud,tinyllama-1.1b,Q4_K_M,short-009,short,2,False,72092.23528599978,128,,,
cloud,tinyllama-1.1b,Q4_K_M,short-010,short,0,True,69391.49576699856,128,,,
cloud,tinyllama-1.1b,Q4_K_M,short-010,short,1,False,68443.44261800143,128,,,
cloud,tinyllama-1.1b,Q4_K_M,short-010,short,2,False,69364.70723000093,128,,,
cloud,tinyllama-1.1b,Q4_K_M,short-011,short,0,True,68504.24157000089,128,,,
cloud,tinyllama-1.1b,Q4_K_M,short-011,short,1,False,67721.46286600037,128,,,
cloud,tinyllama-1.1b,Q4_K_M,short-011,short,2,False,67324.6768770041,128,,,
cloud,tinyllama-1.1b,Q4_K_M,short-012,short,0,True,32301.280002000567,34,,,
cloud,tinyllama-1.1b,Q4_K_M,short-012,short,1,False,32799.182139999175,34,,,
cloud,tinyllama-1.1b,Q4_K_M,short-012,short,2,False,31302.236294999602,29,,,
cloud,tinyllama-1.1b,Q4_K_M,short-013,short,0,True,66470.68136699818,128,,,
cloud,tinyllama-1.1b,Q4_K_M,short-013,short,1,False,66252.29076299729,128,,,
cloud,tinyllama-1.1b,Q4_K_M,short-013,short,2,False,66583.03095299925,128,,,
cloud,tinyllama-1.1b,Q4_K_M,short-014,short,0,True,20513.50210900273,8,,,
cloud,tinyllama-1.1b,Q4_K_M,short-014,short,1,False,20102.927134998026,8,,,
cloud,tinyllama-1.1b,Q4_K_M,short-014,short,2,False,20039.131012003054,8,,,
cloud,tinyllama-1.1b,Q4_K_M,short-015,short,0,True,21912.087672004418,11,,,
cloud,tinyllama-1.1b,Q4_K_M,short-015,short,1,False,21886.160759997438,11,,,
cloud,tinyllama-1.1b,Q4_K_M,short-015,short,2,False,21957.652051998593,11,,,
cloud,tinyllama-1.1b,Q4_K_M,short-016,short,0,True,55717.21014800278,103,,,
cloud,tinyllama-1.1b,Q4_K_M,short-016,short,1,False,60927.001005999045,117,,,
cloud,tinyllama-1.1b,Q4_K_M,short-016,short,2,False,55907.052114998805,103,,,
cloud,tinyllama-1.1b,Q4_K_M,short-017,short,0,True,53379.58162600262,97,,,
cloud,tinyllama-1.1b,Q4_K_M,short-017,short,1,False,57696.42972499423,103,,,
cloud,tinyllama-1.1b,Q4_K_M,short-017,short,2,False,59043.249482994725,111,,,
cloud,tinyllama-1.1b,Q4_K_M,short-018,short,0,True,70574.56983299926,128,,,
cloud,tinyllama-1.1b,Q4_K_M,short-018,short,1,False,69952.61051299894,128,,,
cloud,tinyllama-1.1b,Q4_K_M,short-018,short,2,False,69937.51568099833,128,,,
cloud,tinyllama-1.1b,Q4_K_M,short-019,short,0,True,65938.07210600062,128,,,
cloud,tinyllama-1.1b,Q4_K_M,short-019,short,1,False,65956.76694999565,128,,,
cloud,tinyllama-1.1b,Q4_K_M,short-019,short,2,False,66291.1857289946,128,,,
cloud,tinyllama-1.1b,Q4_K_M,medium-000,medium,0,True,73578.71448300284,85,,,
cloud,tinyllama-1.1b,Q4_K_M,medium-000,medium,1,False,65778.32879199559,66,,,
cloud,tinyllama-1.1b,Q4_K_M,medium-000,medium,2,False,65630.96834099997,66,,,
cloud,tinyllama-1.1b,Q4_K_M,medium-001,medium,0,True,86874.53081900458,75,,,
cloud,tinyllama-1.1b,Q4_K_M,medium-001,medium,1,False,90197.65503700182,83,,,
cloud,tinyllama-1.1b,Q4_K_M,medium-001,medium,2,False,85026.18435499608,70,,,
cloud,tinyllama-1.1b,Q4_K_M,medium-002,medium,0,True,116065.28056899697,128,,,
cloud,tinyllama-1.1b,Q4_K_M,medium-002,medium,1,False,116243.03948799934,128,,,
cloud,tinyllama-1.1b,Q4_K_M,medium-002,medium,2,False,115995.37249399873,128,,,
cloud,tinyllama-1.1b,Q4_K_M,medium-003,medium,0,True,76114.12617599854,82,,,
cloud,tinyllama-1.1b,Q4_K_M,medium-003,medium,1,False,74852.73113699805,77,,,
cloud,tinyllama-1.1b,Q4_K_M,medium-003,medium,2,False,76084.12463899731,82,,,
cloud,tinyllama-1.1b,Q4_K_M,medium-004,medium,0,True,65183.45298699569,59,,,
cloud,tinyllama-1.1b,Q4_K_M,medium-004,medium,1,False,60904.61529899767,49,,,
cloud,tinyllama-1.1b,Q4_K_M,medium-004,medium,2,False,72643.67576299992,76,,,
cloud,tinyllama-1.1b,Q4_K_M,medium-005,medium,0,True,89353.24112299713,128,,,
cloud,tinyllama-1.1b,Q4_K_M,medium-005,medium,1,False,89122.30348099547,128,,,
cloud,tinyllama-1.1b,Q4_K_M,medium-005,medium,2,False,88888.04813499883,128,,,
cloud,tinyllama-1.1b,Q4_K_M,medium-006,medium,0,True,56309.690579000744,50,,,
cloud,tinyllama-1.1b,Q4_K_M,medium-006,medium,1,False,56234.54878899793,50,,,
cloud,tinyllama-1.1b,Q4_K_M,medium-006,medium,2,False,56754.90664400422,50,,,
cloud,tinyllama-1.1b,Q4_K_M,medium-007,medium,0,True,98427.54630999843,121,,,
cloud,tinyllama-1.1b,Q4_K_M,medium-007,medium,1,False,101890.17017600418,128,,,
cloud,tinyllama-1.1b,Q4_K_M,medium-007,medium,2,False,97235.09043199738,116,,,
cloud,tinyllama-1.1b,Q4_K_M,medium-008,medium,0,True,92609.03598099685,128,,,
cloud,tinyllama-1.1b,Q4_K_M,medium-008,medium,1,False,90858.94537600689,128,,,
cloud,tinyllama-1.1b,Q4_K_M,medium-008,medium,2,False,74594.90186100447,90,,,
cloud,tinyllama-1.1b,Q4_K_M,medium-009,medium,0,True,102601.60460299812,128,,,
cloud,tinyllama-1.1b,Q4_K_M,medium-009,medium,1,False,102346.79477199825,128,,,
cloud,tinyllama-1.1b,Q4_K_M,medium-009,medium,2,False,103774.31962400442,128,,,
cloud,tinyllama-1.1b,Q4_K_M,medium-010,medium,0,True,65715.5311960014,72,,,
cloud,tinyllama-1.1b,Q4_K_M,medium-010,medium,1,False,86232.29010799696,122,,,
cloud,tinyllama-1.1b,Q4_K_M,medium-010,medium,2,False,48357.352316998,33,,,
cloud,tinyllama-1.1b,Q4_K_M,medium-011,medium,0,True,91069.21996799792,99,,,
cloud,tinyllama-1.1b,Q4_K_M,medium-011,medium,1,False,90713.07023099507,99,,,
cloud,tinyllama-1.1b,Q4_K_M,medium-011,medium,2,False,90765.89788299316,98,,,
cloud,tinyllama-1.1b,Q4_K_M,medium-012,medium,0,True,95587.01139099867,128,,,
cloud,tinyllama-1.1b,Q4_K_M,medium-012,medium,1,False,94821.74930800102,128,,,
cloud,tinyllama-1.1b,Q4_K_M,medium-012,medium,2,False,98132.4435610004,128,,,
cloud,tinyllama-1.1b,Q4_K_M,medium-013,medium,0,True,122772.37493100256,128,,,
cloud,tinyllama-1.1b,Q4_K_M,medium-013,medium,1,False,121341.40051300346,128,,,
cloud,tinyllama-1.1b,Q4_K_M,medium-013,medium,2,False,122755.52335899556,128,,,
cloud,tinyllama-1.1b,Q4_K_M,medium-014,medium,0,True,91492.63543699635,128,,,
cloud,tinyllama-1.1b,Q4_K_M,medium-014,medium,1,False,93154.74163099861,128,,,
cloud,tinyllama-1.1b,Q4_K_M,medium-014,medium,2,False,91750.0962769991,128,,,
cloud,tinyllama-1.1b,Q4_K_M,medium-015,medium,0,True,94233.62066000118,128,,,
cloud,tinyllama-1.1b,Q4_K_M,medium-015,medium,1,False,93032.64393899735,128,,,
cloud,tinyllama-1.1b,Q4_K_M,medium-015,medium,2,False,93399.41944600287,128,,,
cloud,tinyllama-1.1b,Q4_K_M,medium-016,medium,0,True,112958.97988299839,94,,,
cloud,tinyllama-1.1b,Q4_K_M,medium-016,medium,1,False,110389.53633000347,89,,,
cloud,tinyllama-1.1b,Q4_K_M,medium-016,medium,2,False,112704.57274500222,94,,,
cloud,tinyllama-1.1b,Q4_K_M,medium-017,medium,0,True,135225.9116540008,128,,,
cloud,tinyllama-1.1b,Q4_K_M,medium-017,medium,1,False,124741.59623400192,100,,,
cloud,tinyllama-1.1b,Q4_K_M,medium-017,medium,2,False,137748.33529900206,128,,,
cloud,tinyllama-1.1b,Q4_K_M,medium-018,medium,0,True,93488.11407500762,87,,,
cloud,tinyllama-1.1b,Q4_K_M,medium-018,medium,1,False,93676.52766600077,84,,,
cloud,tinyllama-1.1b,Q4_K_M,medium-018,medium,2,False,91682.8876859945,80,,,
cloud,tinyllama-1.1b,Q4_K_M,medium-019,medium,0,True,104901.37801899982,128,,,
cloud,tinyllama-1.1b,Q4_K_M,medium-019,medium,1,False,95251.1921319965,110,,,
cloud,tinyllama-1.1b,Q4_K_M,medium-019,medium,2,False,102064.91772599111,115,,,
cloud,tinyllama-1.1b,Q4_K_M,long-000,long,0,True,182480.79968700767,128,,,
cloud,tinyllama-1.1b,Q4_K_M,long-000,long,1,False,181921.48579600325,128,,,
cloud,tinyllama-1.1b,Q4_K_M,long-000,long,2,False,183056.98414100334,128,,,
cloud,tinyllama-1.1b,Q4_K_M,long-001,long,0,True,173036.374015006,128,,,
cloud,tinyllama-1.1b,Q4_K_M,long-001,long,1,False,171695.82035200438,128,,,
cloud,tinyllama-1.1b,Q4_K_M,long-001,long,2,False,169713.66602600028,128,,,
cloud,tinyllama-1.1b,Q4_K_M,long-002,long,0,True,169200.35247699707,128,,,
cloud,tinyllama-1.1b,Q4_K_M,long-002,long,1,False,165610.79758699634,128,,,
cloud,tinyllama-1.1b,Q4_K_M,long-002,long,2,False,163604.18497599312,128,,,
cloud,tinyllama-1.1b,Q4_K_M,long-003,long,0,True,190501.8059849972,128,,,
cloud,tinyllama-1.1b,Q4_K_M,long-003,long,1,False,189767.01774599496,128,,,
cloud,tinyllama-1.1b,Q4_K_M,long-003,long,2,False,187941.30148598924,128,,,
cloud,tinyllama-1.1b,Q4_K_M,long-004,long,0,True,163222.20231499523,128,,,
cloud,tinyllama-1.1b,Q4_K_M,long-004,long,1,False,162906.12753400637,128,,,
cloud,tinyllama-1.1b,Q4_K_M,long-004,long,2,False,163615.51100799988,128,,,
cloud,tinyllama-1.1b,Q4_K_M,long-005,long,0,True,172373.4725749964,128,,,
cloud,tinyllama-1.1b,Q4_K_M,long-005,long,1,False,173737.46688499523,128,,,
cloud,tinyllama-1.1b,Q4_K_M,long-005,long,2,False,171841.92121599335,128,,,
cloud,tinyllama-1.1b,Q4_K_M,long-006,long,0,True,188052.71536900545,128,,,
cloud,tinyllama-1.1b,Q4_K_M,long-006,long,1,False,188298.2797739969,128,,,
cloud,tinyllama-1.1b,Q4_K_M,long-006,long,2,False,189328.6935799988,128,,,
cloud,tinyllama-1.1b,Q4_K_M,long-007,long,0,True,161886.79104800394,128,,,
cloud,tinyllama-1.1b,Q4_K_M,long-007,long,1,False,163176.04229299468,128,,,
cloud,tinyllama-1.1b,Q4_K_M,long-007,long,2,False,161460.0507490104,128,,,
cloud,tinyllama-1.1b,Q4_K_M,long-008,long,0,True,194877.06720200367,128,,,
cloud,tinyllama-1.1b,Q4_K_M,long-008,long,1,False,195420.35063100047,128,,,
cloud,tinyllama-1.1b,Q4_K_M,long-008,long,2,False,191576.95698700263,128,,,
cloud,tinyllama-1.1b,Q8_0,short-000,short,0,True,18788.11044798931,128,,,
cloud,tinyllama-1.1b,Q8_0,short-000,short,1,False,18870.677120008622,128,,,
cloud,tinyllama-1.1b,Q8_0,short-000,short,2,False,18889.946655996027,128,,,
cloud,tinyllama-1.1b,Q8_0,short-001,short,0,True,21653.1818509975,128,,,
cloud,tinyllama-1.1b,Q8_0,short-001,short,1,False,24873.39164200239,128,,,
cloud,tinyllama-1.1b,Q8_0,short-001,short,2,False,23703.142493002815,128,,,
cloud,tinyllama-1.1b,Q8_0,short-002,short,0,True,13298.254239009111,65,,,
cloud,tinyllama-1.1b,Q8_0,short-002,short,1,False,11948.763763008174,51,,,
cloud,tinyllama-1.1b,Q8_0,short-002,short,2,False,19743.07722398953,117,,,
cloud,tinyllama-1.1b,Q8_0,short-003,short,0,True,7620.114546996774,18,,,
cloud,tinyllama-1.1b,Q8_0,short-003,short,1,False,8168.777144004707,18,,,
cloud,tinyllama-1.1b,Q8_0,short-003,short,2,False,7308.234060998075,18,,,
cloud,tinyllama-1.1b,Q8_0,short-004,short,0,True,19300.110085998313,128,,,
cloud,tinyllama-1.1b,Q8_0,short-004,short,1,False,19073.25332800974,128,,,
cloud,tinyllama-1.1b,Q8_0,short-004,short,2,False,18884.95366999996,128,,,
cloud,tinyllama-1.1b,Q8_0,short-005,short,0,True,21620.958990999497,128,,,
cloud,tinyllama-1.1b,Q8_0,short-005,short,1,False,22242.25691999891,128,,,
cloud,tinyllama-1.1b,Q8_0,short-005,short,2,False,22895.581245000358,128,,,
cloud,tinyllama-1.1b,Q8_0,short-006,short,0,True,6455.463997990591,13,,,
cloud,tinyllama-1.1b,Q8_0,short-006,short,1,False,6135.63896199048,13,,,
cloud,tinyllama-1.1b,Q8_0,short-006,short,2,False,6326.35915800347,13,,,
cloud,tinyllama-1.1b,Q8_0,short-007,short,0,True,22353.816868999274,128,,,
cloud,tinyllama-1.1b,Q8_0,short-007,short,1,False,20546.154199997545,128,,,
cloud,tinyllama-1.1b,Q8_0,short-007,short,2,False,22381.306712006335,128,,,
cloud,tinyllama-1.1b,Q8_0,short-008,short,0,True,21137.804409998353,128,,,
cloud,tinyllama-1.1b,Q8_0,short-008,short,1,False,20716.02919200086,128,,,
cloud,tinyllama-1.1b,Q8_0,short-008,short,2,False,20726.64391400758,128,,,
cloud,tinyllama-1.1b,Q8_0,short-009,short,0,True,19662.665762996767,128,,,
cloud,tinyllama-1.1b,Q8_0,short-009,short,1,False,19821.75849399937,128,,,
cloud,tinyllama-1.1b,Q8_0,short-009,short,2,False,19794.518220995087,128,,,
cloud,tinyllama-1.1b,Q8_0,short-010,short,0,True,19308.9235269872,128,,,
cloud,tinyllama-1.1b,Q8_0,short-010,short,1,False,19223.590406996664,128,,,
cloud,tinyllama-1.1b,Q8_0,short-010,short,2,False,19339.170020000893,128,,,
cloud,tinyllama-1.1b,Q8_0,short-011,short,0,True,19667.80214899336,128,,,
cloud,tinyllama-1.1b,Q8_0,short-011,short,1,False,19575.766531997942,128,,,
cloud,tinyllama-1.1b,Q8_0,short-011,short,2,False,18737.58595799154,128,,,
cloud,tinyllama-1.1b,Q8_0,short-012,short,0,True,18471.148418000666,97,,,
cloud,tinyllama-1.1b,Q8_0,short-012,short,1,False,19240.70160499832,99,,,
cloud,tinyllama-1.1b,Q8_0,short-012,short,2,False,9681.582042001537,35,,,
cloud,tinyllama-1.1b,Q8_0,short-013,short,0,True,19826.218280009925,128,,,
cloud,tinyllama-1.1b,Q8_0,short-013,short,1,False,19585.47686500242,128,,,
cloud,tinyllama-1.1b,Q8_0,short-013,short,2,False,18646.073448995594,128,,,
cloud,tinyllama-1.1b,Q8_0,short-014,short,0,True,5186.71173301118,8,,,
cloud,tinyllama-1.1b,Q8_0,short-014,short,1,False,5201.454806010588,8,,,
cloud,tinyllama-1.1b,Q8_0,short-014,short,2,False,5168.365694000386,8,,,
cloud,tinyllama-1.1b,Q8_0,short-015,short,0,True,5747.438623002381,11,,,
cloud,tinyllama-1.1b,Q8_0,short-015,short,1,False,5780.335153001943,11,,,
cloud,tinyllama-1.1b,Q8_0,short-015,short,2,False,5789.578822004842,11,,,
cloud,tinyllama-1.1b,Q8_0,short-016,short,0,True,16031.429594004294,107,,,
cloud,tinyllama-1.1b,Q8_0,short-016,short,1,False,14462.63680899574,92,,,
cloud,tinyllama-1.1b,Q8_0,short-016,short,2,False,13604.12376599561,87,,,
cloud,tinyllama-1.1b,Q8_0,short-017,short,0,True,11569.797019008547,70,,,
cloud,tinyllama-1.1b,Q8_0,short-017,short,1,False,11164.72938899824,66,,,
cloud,tinyllama-1.1b,Q8_0,short-017,short,2,False,10851.836900008493,65,,,
cloud,tinyllama-1.1b,Q8_0,short-018,short,0,True,19669.475063987193,128,,,
cloud,tinyllama-1.1b,Q8_0,short-018,short,1,False,19611.486417008564,128,,,
cloud,tinyllama-1.1b,Q8_0,short-018,short,2,False,20463.819295007852,128,,,
cloud,tinyllama-1.1b,Q8_0,short-019,short,0,True,19015.17237799999,128,,,
cloud,tinyllama-1.1b,Q8_0,short-019,short,1,False,18569.014316002722,128,,,
cloud,tinyllama-1.1b,Q8_0,short-019,short,2,False,18633.91815900104,128,,,
cloud,tinyllama-1.1b,Q8_0,medium-000,medium,0,True,17906.60243399907,66,,,
cloud,tinyllama-1.1b,Q8_0,medium-000,medium,1,False,17645.947986995452,66,,,
cloud,tinyllama-1.1b,Q8_0,medium-000,medium,2,False,17766.0001119948,66,,,
cloud,tinyllama-1.1b,Q8_0,medium-001,medium,0,True,24270.165988011286,80,,,
cloud,tinyllama-1.1b,Q8_0,medium-001,medium,1,False,21450.01165899157,58,,,
cloud,tinyllama-1.1b,Q8_0,medium-001,medium,2,False,33015.3216769977,128,,,
cloud,tinyllama-1.1b,Q8_0,medium-002,medium,0,True,35937.52879201202,128,,,
cloud,tinyllama-1.1b,Q8_0,medium-002,medium,1,False,33893.76224500302,128,,,
cloud,tinyllama-1.1b,Q8_0,medium-002,medium,2,False,33408.342466005706,128,,,
cloud,tinyllama-1.1b,Q8_0,medium-003,medium,0,True,21649.372693005716,81,,,
cloud,tinyllama-1.1b,Q8_0,medium-003,medium,1,False,22864.770528001827,80,,,
cloud,tinyllama-1.1b,Q8_0,medium-003,medium,2,False,21093.65340899967,78,,,
cloud,tinyllama-1.1b,Q8_0,medium-004,medium,0,True,19399.44222199847,65,,,
cloud,tinyllama-1.1b,Q8_0,medium-004,medium,1,False,20268.32911100064,83,,,
cloud,tinyllama-1.1b,Q8_0,medium-004,medium,2,False,19241.71159300022,79,,,
cloud,tinyllama-1.1b,Q8_0,medium-005,medium,0,True,24654.16572999675,128,,,
cloud,tinyllama-1.1b,Q8_0,medium-005,medium,1,False,26153.529065006296,128,,,
cloud,tinyllama-1.1b,Q8_0,medium-005,medium,2,False,24961.357151987613,128,,,
cloud,tinyllama-1.1b,Q8_0,medium-006,medium,0,True,14668.1131820078,50,,,
cloud,tinyllama-1.1b,Q8_0,medium-006,medium,1,False,15808.664254000178,56,,,
cloud,tinyllama-1.1b,Q8_0,medium-006,medium,2,False,15554.488983005285,56,,,
cloud,tinyllama-1.1b,Q8_0,medium-007,medium,0,True,24201.387936001993,99,,,
cloud,tinyllama-1.1b,Q8_0,medium-007,medium,1,False,24509.904316000757,91,,,
cloud,tinyllama-1.1b,Q8_0,medium-007,medium,2,False,24607.361988004413,95,,,
cloud,tinyllama-1.1b,Q8_0,medium-008,medium,0,True,28132.157233005273,128,,,
cloud,tinyllama-1.1b,Q8_0,medium-008,medium,1,False,25733.60688399407,128,,,
cloud,tinyllama-1.1b,Q8_0,medium-008,medium,2,False,25881.2004240026,128,,,
cloud,tinyllama-1.1b,Q8_0,medium-009,medium,0,True,30224.48704999988,128,,,
cloud,tinyllama-1.1b,Q8_0,medium-009,medium,1,False,25632.361511001363,98,,,
cloud,tinyllama-1.1b,Q8_0,medium-009,medium,2,False,22901.736778992927,74,,,
cloud,tinyllama-1.1b,Q8_0,medium-010,medium,0,True,13129.637291000108,39,,,
cloud,tinyllama-1.1b,Q8_0,medium-010,medium,1,False,13351.653863996034,39,,,
cloud,tinyllama-1.1b,Q8_0,medium-010,medium,2,False,13108.53445000248,39,,,
cloud,tinyllama-1.1b,Q8_0,medium-011,medium,0,True,21212.717948001227,73,,,
cloud,tinyllama-1.1b,Q8_0,medium-011,medium,1,False,25389.12023800367,105,,,
cloud,tinyllama-1.1b,Q8_0,medium-011,medium,2,False,21372.206178988563,73,,,
cloud,tinyllama-1.1b,Q8_0,medium-012,medium,0,True,26186.146414009272,128,,,
cloud,tinyllama-1.1b,Q8_0,medium-012,medium,1,False,26371.163787000114,128,,,
cloud,tinyllama-1.1b,Q8_0,medium-012,medium,2,False,26158.237096009543,128,,,
cloud,tinyllama-1.1b,Q8_0,medium-013,medium,0,True,34870.36063200503,128,,,
cloud,tinyllama-1.1b,Q8_0,medium-013,medium,1,False,35087.00837800279,128,,,
cloud,tinyllama-1.1b,Q8_0,medium-013,medium,2,False,34817.15810600144,128,,,
cloud,tinyllama-1.1b,Q8_0,medium-014,medium,0,True,26078.08458499494,128,,,
cloud,tinyllama-1.1b,Q8_0,medium-014,medium,1,False,27023.232402993017,128,,,
cloud,tinyllama-1.1b,Q8_0,medium-014,medium,2,False,25718.96704399842,128,,,
cloud,tinyllama-1.1b,Q8_0,medium-015,medium,0,True,25959.308581994264,128,,,
cloud,tinyllama-1.1b,Q8_0,medium-015,medium,1,False,27024.94125299563,128,,,
cloud,tinyllama-1.1b,Q8_0,medium-015,medium,2,False,31255.412689992227,128,,,
cloud,tinyllama-1.1b,Q8_0,medium-016,medium,0,True,29928.49269299768,85,,,
cloud,tinyllama-1.1b,Q8_0,medium-016,medium,1,False,35733.83039300097,110,,,
cloud,tinyllama-1.1b,Q8_0,medium-016,medium,2,False,37881.456350005465,128,,,
cloud,tinyllama-1.1b,Q8_0,medium-017,medium,0,True,38660.773342999164,128,,,
cloud,tinyllama-1.1b,Q8_0,medium-017,medium,1,False,38680.08104599721,128,,,
cloud,tinyllama-1.1b,Q8_0,medium-017,medium,2,False,38707.61582499836,128,,,
cloud,tinyllama-1.1b,Q8_0,medium-018,medium,0,True,31717.632294996292,128,,,
cloud,tinyllama-1.1b,Q8_0,medium-018,medium,1,False,26783.417743994505,97,,,
cloud,tinyllama-1.1b,Q8_0,medium-018,medium,2,False,31833.29121299903,128,,,
cloud,tinyllama-1.1b,Q8_0,medium-019,medium,0,True,25454.590930996346,105,,,
cloud,tinyllama-1.1b,Q8_0,medium-019,medium,1,False,26663.919831989915,107,,,
cloud,tinyllama-1.1b,Q8_0,medium-019,medium,2,False,27876.707900999463,120,,,
cloud,tinyllama-1.1b,Q8_0,long-000,long,0,True,51120.17466900579,128,,,
cloud,tinyllama-1.1b,Q8_0,long-000,long,1,False,51302.787833003094,128,,,
cloud,tinyllama-1.1b,Q8_0,long-000,long,2,False,53357.147782997345,128,,,
cloud,tinyllama-1.1b,Q8_0,long-001,long,0,True,48049.16560999118,128,,,
cloud,tinyllama-1.1b,Q8_0,long-001,long,1,False,47089.90010600246,128,,,
cloud,tinyllama-1.1b,Q8_0,long-001,long,2,False,45151.0009640042,116,,,
cloud,tinyllama-1.1b,Q8_0,long-002,long,0,True,44173.76110200712,108,,,
cloud,tinyllama-1.1b,Q8_0,long-002,long,1,False,45161.7430740007,120,,,
cloud,tinyllama-1.1b,Q8_0,long-002,long,2,False,40719.69804199762,87,,,
cloud,tinyllama-1.1b,Q8_0,long-003,long,0,True,53404.01115801069,128,,,
cloud,tinyllama-1.1b,Q8_0,long-003,long,1,False,55789.85714299779,128,,,
cloud,tinyllama-1.1b,Q8_0,long-003,long,2,False,54037.22295300395,128,,,
cloud,tinyllama-1.1b,Q8_0,long-004,long,0,True,47035.74676200515,128,,,
cloud,tinyllama-1.1b,Q8_0,long-004,long,1,False,48916.87562900188,128,,,
cloud,tinyllama-1.1b,Q8_0,long-004,long,2,False,46953.90359900193,128,,,
cloud,tinyllama-1.1b,Q8_0,long-005,long,0,True,49074.891808006214,128,,,
cloud,tinyllama-1.1b,Q8_0,long-005,long,1,False,49428.02333198779,128,,,
cloud,tinyllama-1.1b,Q8_0,long-005,long,2,False,51220.73637199355,128,,,
cloud,tinyllama-1.1b,Q8_0,long-006,long,0,True,53548.985556990374,128,,,
cloud,tinyllama-1.1b,Q8_0,long-006,long,1,False,53265.94562899845,128,,,
cloud,tinyllama-1.1b,Q8_0,long-006,long,2,False,53395.5337540101,128,,,
cloud,tinyllama-1.1b,Q8_0,long-007,long,0,True,46686.13001899212,128,,,
cloud,tinyllama-1.1b,Q8_0,long-007,long,1,False,46915.44398799306,128,,,
cloud,tinyllama-1.1b,Q8_0,long-007,long,2,False,48750.7052669971,128,,,
cloud,tinyllama-1.1b,Q8_0,long-008,long,0,True,47942.251704997034,88,,,
cloud,tinyllama-1.1b,Q8_0,long-008,long,1,False,47693.387299004826,88,,,
cloud,tinyllama-1.1b,Q8_0,long-008,long,2,False,47420.09637199226,86,,,
edge,qwen2.5-0.5b,F16,short-000,short,0,True,11122.906913995394,25,1470.36328125,,
edge,qwen2.5-0.5b,F16,short-000,short,1,False,10783.175412012497,25,1470.36328125,,
edge,qwen2.5-0.5b,F16,short-000,short,2,False,10721.29641099309,25,1470.36328125,,
edge,qwen2.5-0.5b,F16,short-001,short,0,True,10804.55095700745,17,1471.86328125,,
edge,qwen2.5-0.5b,F16,short-001,short,1,False,10591.725373000372,17,1471.86328125,,
edge,qwen2.5-0.5b,F16,short-001,short,2,False,11267.748198006302,17,1471.86328125,,
edge,qwen2.5-0.5b,F16,short-002,short,0,True,8144.964995008195,4,1472.48828125,,
edge,qwen2.5-0.5b,F16,short-002,short,1,False,9214.94997300033,4,1472.48828125,,
edge,qwen2.5-0.5b,F16,short-002,short,2,False,8694.005738987471,4,1472.48828125,,
edge,qwen2.5-0.5b,F16,short-003,short,0,True,9502.439995005261,10,1472.48828125,,
edge,qwen2.5-0.5b,F16,short-003,short,1,False,9277.550871993299,10,1472.48828125,,
edge,qwen2.5-0.5b,F16,short-003,short,2,False,10427.480295009445,13,1472.48828125,,
edge,qwen2.5-0.5b,F16,short-004,short,0,True,37855.07523400884,128,1472.48828125,,
edge,qwen2.5-0.5b,F16,short-004,short,1,False,24195.190922997426,76,1472.48828125,,
edge,qwen2.5-0.5b,F16,short-004,short,2,False,24368.185301995254,77,1472.48828125,,
edge,qwen2.5-0.5b,F16,short-005,short,0,True,12454.33176899678,21,1472.48828125,,
edge,qwen2.5-0.5b,F16,short-005,short,1,False,17047.92696700315,38,1472.48828125,,
edge,qwen2.5-0.5b,F16,short-005,short,2,False,12178.60152698995,18,1472.48828125,,
edge,qwen2.5-0.5b,F16,short-006,short,0,True,9096.684143005405,12,1472.48828125,,
edge,qwen2.5-0.5b,F16,short-006,short,1,False,8870.878464003908,12,1472.48828125,,
edge,qwen2.5-0.5b,F16,short-006,short,2,False,9114.551455000765,12,1472.48828125,,
edge,qwen2.5-0.5b,F16,short-007,short,0,True,22302.770797992707,63,1472.48828125,,
edge,qwen2.5-0.5b,F16,short-007,short,1,False,21830.800387993804,63,1472.48828125,,
edge,qwen2.5-0.5b,F16,short-007,short,2,False,27033.159698999953,83,1472.48828125,,
edge,qwen2.5-0.5b,F16,short-008,short,0,True,20300.62457799795,44,1472.73828125,,
edge,qwen2.5-0.5b,F16,short-008,short,1,False,19407.87106199423,43,1472.73828125,,
edge,qwen2.5-0.5b,F16,short-008,short,2,False,19867.99225200957,44,1472.73828125,,
edge,qwen2.5-0.5b,F16,short-009,short,0,True,16230.696037004236,36,1472.73828125,,
edge,qwen2.5-0.5b,F16,short-009,short,1,False,15312.971390987514,32,1472.73828125,,
edge,qwen2.5-0.5b,F16,short-009,short,2,False,13393.558184994617,29,1472.73828125,,
edge,qwen2.5-0.5b,F16,short-010,short,0,True,25115.0099850056,79,1472.73828125,,
edge,qwen2.5-0.5b,F16,short-010,short,1,False,23515.457639005035,75,1472.73828125,,
edge,qwen2.5-0.5b,F16,short-010,short,2,False,23444.46850499662,72,1472.73828125,,
edge,qwen2.5-0.5b,F16,short-011,short,0,True,8360.105133004254,16,1472.73828125,,
edge,qwen2.5-0.5b,F16,short-011,short,1,False,9161.043186002644,16,1472.73828125,,
edge,qwen2.5-0.5b,F16,short-011,short,2,False,8301.657807998708,16,1472.73828125,,
edge,qwen2.5-0.5b,F16,short-012,short,0,True,11464.115247988957,23,1472.73828125,,
edge,qwen2.5-0.5b,F16,short-012,short,1,False,11919.899614003953,24,1472.73828125,,
edge,qwen2.5-0.5b,F16,short-012,short,2,False,11197.875233003288,22,1472.73828125,,
edge,qwen2.5-0.5b,F16,short-013,short,0,True,23226.928784002666,73,1472.73828125,,
edge,qwen2.5-0.5b,F16,short-013,short,1,False,16247.52285600698,44,1472.73828125,,
edge,qwen2.5-0.5b,F16,short-013,short,2,False,22566.660316006164,72,1472.73828125,,
edge,qwen2.5-0.5b,F16,short-014,short,0,True,7082.58563101117,7,1472.73828125,,
edge,qwen2.5-0.5b,F16,short-014,short,1,False,9332.110303002992,7,1472.73828125,,
edge,qwen2.5-0.5b,F16,short-014,short,2,False,7228.355272003682,7,1472.73828125,,
edge,qwen2.5-0.5b,F16,short-015,short,0,True,8855.596813999,11,1472.73828125,,
edge,qwen2.5-0.5b,F16,short-015,short,1,False,7861.350273000426,11,1472.73828125,,
edge,qwen2.5-0.5b,F16,short-015,short,2,False,8762.804238998797,10,1472.73828125,,
edge,qwen2.5-0.5b,F16,short-016,short,0,True,16039.548748987727,44,1472.73828125,,
edge,qwen2.5-0.5b,F16,short-016,short,1,False,17125.046554996516,50,1472.73828125,,
edge,qwen2.5-0.5b,F16,short-016,short,2,False,16599.406756999088,51,1472.73828125,,
edge,qwen2.5-0.5b,F16,short-017,short,0,True,7002.425091995974,8,1472.73828125,,
edge,qwen2.5-0.5b,F16,short-017,short,1,False,5922.987008001655,7,1472.73828125,,
edge,qwen2.5-0.5b,F16,short-017,short,2,False,6359.459742001491,8,1472.73828125,,
edge,qwen2.5-0.5b,F16,short-018,short,0,True,16828.18482699804,44,1472.73828125,,
edge,qwen2.5-0.5b,F16,short-018,short,1,False,17718.724147009198,48,1472.73828125,,
edge,qwen2.5-0.5b,F16,short-018,short,2,False,17401.740578992758,44,1472.73828125,,
edge,qwen2.5-0.5b,F16,short-019,short,0,True,18521.496580986422,53,1472.73828125,,
edge,qwen2.5-0.5b,F16,short-019,short,1,False,18457.5043470104,53,1472.73828125,,
edge,qwen2.5-0.5b,F16,short-019,short,2,False,18036.08274900762,53,1472.73828125,,
edge,qwen2.5-0.5b,F16,medium-000,medium,0,True,24610.404615988955,39,1478.73828125,,
edge,qwen2.5-0.5b,F16,medium-000,medium,1,False,25293.606750987237,39,1478.73828125,,
edge,qwen2.5-0.5b,F16,medium-000,medium,2,False,25072.781422000844,39,1478.73828125,,
edge,qwen2.5-0.5b,F16,medium-001,medium,0,True,46179.8699110077,91,1481.73828125,,
edge,qwen2.5-0.5b,F16,medium-001,medium,1,False,36570.353395989514,59,1481.73828125,,
edge,qwen2.5-0.5b,F16,medium-001,medium,2,False,36370.86291900778,59,1481.73828125,,
edge,qwen2.5-0.5b,F16,medium-002,medium,0,True,34122.1644670004,47,1482.36328125,,
edge,qwen2.5-0.5b,F16,medium-002,medium,1,False,31592.014821988414,39,1482.36328125,,
edge,qwen2.5-0.5b,F16,medium-002,medium,2,False,31574.51591800782,33,1482.36328125,,
edge,qwen2.5-0.5b,F16,medium-003,medium,0,True,25904.35679499933,42,1482.36328125,,
edge,qwen2.5-0.5b,F16,medium-003,medium,1,False,23818.456861001323,33,1482.36328125,,
edge,qwen2.5-0.5b,F16,medium-003,medium,2,False,26275.991419999627,42,1482.36328125,,
edge,qwen2.5-0.5b,F16,medium-004,medium,0,True,26870.928373988136,50,1482.36328125,,
edge,qwen2.5-0.5b,F16,medium-004,medium,1,False,28284.171084000263,50,1482.36328125,,
edge,qwen2.5-0.5b,F16,medium-004,medium,2,False,27835.52746399073,53,1482.36328125,,
edge,qwen2.5-0.5b,F16,medium-005,medium,0,True,45322.5056680094,125,1482.36328125,,
edge,qwen2.5-0.5b,F16,medium-005,medium,1,False,44620.54569199972,124,1482.36328125,,
edge,qwen2.5-0.5b,F16,medium-005,medium,2,False,48594.46184299304,128,1482.36328125,,
edge,qwen2.5-0.5b,F16,medium-006,medium,0,True,18413.696471994626,22,1482.36328125,,
edge,qwen2.5-0.5b,F16,medium-006,medium,1,False,19632.25710700499,22,1482.36328125,,
edge,qwen2.5-0.5b,F16,medium-006,medium,2,False,19092.69246099575,22,1482.36328125,,
edge,qwen2.5-0.5b,F16,medium-007,medium,0,True,36340.70970099128,74,1482.36328125,,
edge,qwen2.5-0.5b,F16,medium-007,medium,1,False,37487.46588699578,77,1482.36328125,,
edge,qwen2.5-0.5b,F16,medium-007,medium,2,False,38111.04073699971,74,1482.36328125,,
edge,qwen2.5-0.5b,F16,medium-008,medium,0,True,28700.05052999477,59,1482.36328125,,
edge,qwen2.5-0.5b,F16,medium-008,medium,1,False,27465.808902008575,55,1482.36328125,,
edge,qwen2.5-0.5b,F16,medium-008,medium,2,False,26537.430227996083,48,1482.36328125,,
edge,qwen2.5-0.5b,F16,medium-009,medium,0,True,21690.598569999565,13,1482.36328125,,
edge,qwen2.5-0.5b,F16,medium-009,medium,1,False,22706.370517000323,16,1482.36328125,,
edge,qwen2.5-0.5b,F16,medium-009,medium,2,False,21714.374336996116,13,1482.36328125,,
edge,qwen2.5-0.5b,F16,medium-010,medium,0,True,15914.426250004908,13,1482.36328125,,
edge,qwen2.5-0.5b,F16,medium-010,medium,1,False,15799.366340012057,13,1482.36328125,,
edge,qwen2.5-0.5b,F16,medium-010,medium,2,False,20876.480799997807,23,1482.36328125,,
edge,qwen2.5-0.5b,F16,medium-011,medium,0,True,25792.455995004275,30,1482.36328125,,
edge,qwen2.5-0.5b,F16,medium-011,medium,1,False,24439.949370003887,18,1482.36328125,,
edge,qwen2.5-0.5b,F16,medium-011,medium,2,False,23238.163918009377,18,1482.36328125,,
edge,qwen2.5-0.5b,F16,medium-012,medium,0,True,20807.511030012392,23,1482.36328125,,
edge,qwen2.5-0.5b,F16,medium-012,medium,1,False,21256.874767001136,23,1482.36328125,,
edge,qwen2.5-0.5b,F16,medium-012,medium,2,False,21999.476876997505,23,1482.36328125,,
edge,qwen2.5-0.5b,F16,medium-013,medium,0,True,48303.01840300672,75,1483.48828125,,
edge,qwen2.5-0.5b,F16,medium-013,medium,1,False,37849.50179999578,54,1483.48828125,,
edge,qwen2.5-0.5b,F16,medium-013,medium,2,False,36859.39333299757,48,1483.48828125,,
edge,qwen2.5-0.5b,F16,medium-014,medium,0,True,27414.102954993723,42,1483.48828125,,
edge,qwen2.5-0.5b,F16,medium-014,medium,1,False,24264.752272007172,43,1483.48828125,,
edge,qwen2.5-0.5b,F16,medium-014,medium,2,False,25466.26882000419,47,1483.48828125,,
edge,qwen2.5-0.5b,F16,medium-015,medium,0,True,48133.82144398929,128,1483.48828125,,
edge,qwen2.5-0.5b,F16,medium-015,medium,1,False,47561.37785399915,128,1483.48828125,,
edge,qwen2.5-0.5b,F16,medium-015,medium,2,False,48033.77639300015,128,1483.48828125,,
edge,qwen2.5-0.5b,F16,medium-016,medium,0,True,40857.26330000034,45,1484.11328125,,
edge,qwen2.5-0.5b,F16,medium-016,medium,1,False,39488.83563900017,41,1484.11328125,,
edge,qwen2.5-0.5b,F16,medium-016,medium,2,False,37536.91830999742,45,1484.11328125,,
edge,qwen2.5-0.5b,F16,medium-017,medium,0,True,58072.10840500193,104,1485.73828125,,
edge,qwen2.5-0.5b,F16,medium-017,medium,1,False,64802.856777998386,128,1485.73828125,,
edge,qwen2.5-0.5b,F16,medium-017,medium,2,False,68817.70565699844,128,1485.73828125,,
edge,qwen2.5-0.5b,F16,medium-018,medium,0,True,33130.16606398742,43,1485.73828125,,
edge,qwen2.5-0.5b,F16,medium-018,medium,1,False,39129.3851310038,69,1485.73828125,,
edge,qwen2.5-0.5b,F16,medium-018,medium,2,False,38330.044312999235,69,1485.73828125,,
edge,qwen2.5-0.5b,F16,medium-019,medium,0,True,42426.620569996885,89,1485.73828125,,
edge,qwen2.5-0.5b,F16,medium-019,medium,1,False,42513.12365900958,89,1485.73828125,,
edge,qwen2.5-0.5b,F16,medium-019,medium,2,False,41913.21902599884,89,1485.73828125,,
edge,qwen2.5-0.5b,F16,long-000,long,0,True,83051.07042999589,128,1493.48828125,,
edge,qwen2.5-0.5b,F16,long-000,long,1,False,81988.72519600263,124,1493.48828125,,
edge,qwen2.5-0.5b,F16,long-000,long,2,False,88231.92291999294,123,1493.48828125,,
edge,qwen2.5-0.5b,F16,long-001,long,0,True,55819.473508003284,55,1493.48828125,,
edge,qwen2.5-0.5b,F16,long-001,long,1,False,54949.33745999879,41,1493.48828125,,
edge,qwen2.5-0.5b,F16,long-001,long,2,False,55536.5767510084,49,1493.48828125,,
edge,qwen2.5-0.5b,F16,long-002,long,0,True,55680.42566100485,54,1493.48828125,,
edge,qwen2.5-0.5b,F16,long-002,long,1,False,51614.16339500283,28,1493.48828125,,
edge,qwen2.5-0.5b,F16,long-002,long,2,False,52527.387497000745,42,1493.48828125,,
edge,qwen2.5-0.5b,F16,long-003,long,0,True,79604.67586800223,104,1495.36328125,,
edge,qwen2.5-0.5b,F16,long-003,long,1,False,85806.13589700079,128,1495.36328125,,
edge,qwen2.5-0.5b,F16,long-003,long,2,False,69496.87233100121,62,1495.36328125,,
edge,qwen2.5-0.5b,F16,long-004,long,0,True,64216.233832004946,67,1495.36328125,,
edge,qwen2.5-0.5b,F16,long-004,long,1,False,69430.17146999773,98,1495.36328125,,
edge,qwen2.5-0.5b,F16,long-004,long,2,False,70570.43074299872,107,1495.36328125,,
edge,qwen2.5-0.5b,F16,long-005,long,0,True,81876.28501698782,128,1495.36328125,,
edge,qwen2.5-0.5b,F16,long-005,long,1,False,59910.80141700513,47,1495.36328125,,
edge,qwen2.5-0.5b,F16,long-005,long,2,False,85978.07658099919,128,1495.36328125,,
edge,qwen2.5-0.5b,F16,long-006,long,0,True,94088.71391499997,128,1496.98828125,,
edge,qwen2.5-0.5b,F16,long-006,long,1,False,89561.95764399308,128,1496.98828125,,
edge,qwen2.5-0.5b,F16,long-006,long,2,False,92690.34184400516,128,1496.98828125,,
edge,qwen2.5-0.5b,F16,long-007,long,0,True,57211.42800700909,57,1496.98828125,,
edge,qwen2.5-0.5b,F16,long-007,long,1,False,65679.94059200282,88,1496.98828125,,
edge,qwen2.5-0.5b,F16,long-007,long,2,False,62807.33338500431,73,1496.98828125,,
edge,qwen2.5-0.5b,F16,long-008,long,0,True,78605.25157299708,92,1496.98828125,,
edge,qwen2.5-0.5b,F16,long-008,long,1,False,78620.09421199036,86,1496.98828125,,
edge,qwen2.5-0.5b,F16,long-008,long,2,False,78603.05806099495,86,1496.98828125,,
edge,qwen2.5-0.5b,Q4_K_M,short-000,short,0,True,8781.269953004085,28,765.5,,
edge,qwen2.5-0.5b,Q4_K_M,short-000,short,1,False,11707.12489100697,52,765.5,,
edge,qwen2.5-0.5b,Q4_K_M,short-000,short,2,False,7484.124131995486,25,765.5,,
edge,qwen2.5-0.5b,Q4_K_M,short-001,short,0,True,8230.047104007099,17,765.5,,
edge,qwen2.5-0.5b,Q4_K_M,short-001,short,1,False,7988.731043005828,17,765.5,,
edge,qwen2.5-0.5b,Q4_K_M,short-001,short,2,False,8625.45126400073,17,765.5,,
edge,qwen2.5-0.5b,Q4_K_M,short-002,short,0,True,6415.121491998434,4,765.5,,
edge,qwen2.5-0.5b,Q4_K_M,short-002,short,1,False,7007.091439998476,4,765.5,,
edge,qwen2.5-0.5b,Q4_K_M,short-002,short,2,False,6154.623106005602,4,765.5,,
edge,qwen2.5-0.5b,Q4_K_M,short-003,short,0,True,7158.373377998942,13,765.5,,
edge,qwen2.5-0.5b,Q4_K_M,short-003,short,1,False,8051.063855993561,13,765.5,,
edge,qwen2.5-0.5b,Q4_K_M,short-003,short,2,False,6854.221084999153,13,765.5,,
edge,qwen2.5-0.5b,Q4_K_M,short-004,short,0,True,22358.671119000064,128,765.5,,
edge,qwen2.5-0.5b,Q4_K_M,short-004,short,1,False,22419.57117000129,128,765.5,,
edge,qwen2.5-0.5b,Q4_K_M,short-004,short,2,False,23512.15038499504,128,765.5,,
edge,qwen2.5-0.5b,Q4_K_M,short-005,short,0,True,13004.363487008959,50,765.5,,
edge,qwen2.5-0.5b,Q4_K_M,short-005,short,1,False,12900.436989992158,51,765.5,,
edge,qwen2.5-0.5b,Q4_K_M,short-005,short,2,False,11723.861739999847,43,765.5,,
edge,qwen2.5-0.5b,Q4_K_M,short-006,short,0,True,7475.284533997183,13,765.5,,
edge,qwen2.5-0.5b,Q4_K_M,short-006,short,1,False,6682.502661991748,13,765.5,,
edge,qwen2.5-0.5b,Q4_K_M,short-006,short,2,False,8867.388406011742,13,765.5,,
edge,qwen2.5-0.5b,Q4_K_M,short-007,short,0,True,9897.92363900051,39,765.5,,
edge,qwen2.5-0.5b,Q4_K_M,short-007,short,1,False,9878.524843006744,39,765.5,,
edge,qwen2.5-0.5b,Q4_K_M,short-007,short,2,False,10340.75422299793,42,765.5,,
edge,qwen2.5-0.5b,Q4_K_M,short-008,short,0,True,8059.666904999176,13,765.5,,
edge,qwen2.5-0.5b,Q4_K_M,short-008,short,1,False,8216.418419004185,17,765.5,,
edge,qwen2.5-0.5b,Q4_K_M,short-008,short,2,False,8128.428846001043,15,765.5,,
edge,qwen2.5-0.5b,Q4_K_M,short-009,short,0,True,17081.4024900028,88,765.5,,
edge,qwen2.5-0.5b,Q4_K_M,short-009,short,1,False,17793.449823991978,93,765.5,,
edge,qwen2.5-0.5b,Q4_K_M,short-009,short,2,False,17957.932858000277,93,765.5,,
edge,qwen2.5-0.5b,Q4_K_M,short-010,short,0,True,14455.706610009656,75,765.5,,
edge,qwen2.5-0.5b,Q4_K_M,short-010,short,1,False,14493.948192990501,70,765.5,,
edge,qwen2.5-0.5b,Q4_K_M,short-010,short,2,False,14733.656158001395,77,765.5,,
edge,qwen2.5-0.5b,Q4_K_M,short-011,short,0,True,5090.416368999286,11,765.5,,
edge,qwen2.5-0.5b,Q4_K_M,short-011,short,1,False,5391.172319999896,14,765.5,,
edge,qwen2.5-0.5b,Q4_K_M,short-011,short,2,False,5290.460670003085,11,765.5,,
edge,qwen2.5-0.5b,Q4_K_M,short-012,short,0,True,6987.922360000084,17,765.5,,
edge,qwen2.5-0.5b,Q4_K_M,short-012,short,1,False,7763.347859989153,23,765.5,,
edge,qwen2.5-0.5b,Q4_K_M,short-012,short,2,False,8895.114819999435,17,765.5,,
edge,qwen2.5-0.5b,Q4_K_M,short-013,short,0,True,13778.567703004228,73,765.5,,
edge,qwen2.5-0.5b,Q4_K_M,short-013,short,1,False,13974.26678800548,73,765.5,,
edge,qwen2.5-0.5b,Q4_K_M,short-013,short,2,False,11555.20455801161,58,765.5,,
edge,qwen2.5-0.5b,Q4_K_M,short-014,short,0,True,5165.705092003918,7,765.5,,
edge,qwen2.5-0.5b,Q4_K_M,short-014,short,1,False,5141.048840989242,7,765.5,,
edge,qwen2.5-0.5b,Q4_K_M,short-014,short,2,False,5484.287692001089,7,765.5,,
edge,qwen2.5-0.5b,Q4_K_M,short-015,short,0,True,6101.564354001312,14,765.5,,
edge,qwen2.5-0.5b,Q4_K_M,short-015,short,1,False,6616.925055990578,12,765.5,,
edge,qwen2.5-0.5b,Q4_K_M,short-015,short,2,False,6010.206791994278,14,765.5,,
edge,qwen2.5-0.5b,Q4_K_M,short-016,short,0,True,6559.426245003124,24,765.5,,
edge,qwen2.5-0.5b,Q4_K_M,short-016,short,1,False,6602.482623013202,24,765.5,,
edge,qwen2.5-0.5b,Q4_K_M,short-016,short,2,False,6673.584399992251,24,765.5,,
edge,qwen2.5-0.5b,Q4_K_M,short-017,short,0,True,4434.608092007693,7,765.5,,
edge,qwen2.5-0.5b,Q4_K_M,short-017,short,1,False,4463.803516991902,7,765.5,,
edge,qwen2.5-0.5b,Q4_K_M,short-017,short,2,False,4789.941782000824,7,765.5,,
edge,qwen2.5-0.5b,Q4_K_M,short-018,short,0,True,12613.392250001198,58,765.5,,
edge,qwen2.5-0.5b,Q4_K_M,short-018,short,1,False,11213.686492992565,44,765.5,,
edge,qwen2.5-0.5b,Q4_K_M,short-018,short,2,False,12988.478118990315,60,765.5,,
edge,qwen2.5-0.5b,Q4_K_M,short-019,short,0,True,13470.799390997854,70,765.5,,
edge,qwen2.5-0.5b,Q4_K_M,short-019,short,1,False,14006.230463986867,68,765.5,,
edge,qwen2.5-0.5b,Q4_K_M,short-019,short,2,False,12795.737349006231,65,765.5,,
edge,qwen2.5-0.5b,Q4_K_M,medium-000,medium,0,True,19465.326600999106,57,765.5,,
edge,qwen2.5-0.5b,Q4_K_M,medium-000,medium,1,False,19608.950432986603,52,765.5,,
edge,qwen2.5-0.5b,Q4_K_M,medium-000,medium,2,False,18341.996738992748,49,765.5,,
edge,qwen2.5-0.5b,Q4_K_M,medium-001,medium,0,True,24093.689945002552,57,765.5,,
edge,qwen2.5-0.5b,Q4_K_M,medium-001,medium,1,False,29387.932055993588,89,765.5,,
edge,qwen2.5-0.5b,Q4_K_M,medium-001,medium,2,False,24296.902581001632,57,765.5,,
edge,qwen2.5-0.5b,Q4_K_M,medium-002,medium,0,True,22940.8749800059,33,765.5,,
edge,qwen2.5-0.5b,Q4_K_M,medium-002,medium,1,False,24735.025977002806,34,765.5,,
edge,qwen2.5-0.5b,Q4_K_M,medium-002,medium,2,False,23345.88211699156,33,765.5,,
edge,qwen2.5-0.5b,Q4_K_M,medium-003,medium,0,True,18047.3527580034,43,765.5,,
edge,qwen2.5-0.5b,Q4_K_M,medium-003,medium,1,False,19053.32918399654,50,765.5,,
edge,qwen2.5-0.5b,Q4_K_M,medium-003,medium,2,False,19400.213720000465,47,765.5,,
edge,qwen2.5-0.5b,Q4_K_M,medium-004,medium,0,True,20280.77408899844,62,765.5,,
edge,qwen2.5-0.5b,Q4_K_M,medium-004,medium,1,False,20820.753099003923,62,765.5,,
edge,qwen2.5-0.5b,Q4_K_M,medium-004,medium,2,False,20068.96288599819,62,765.5,,
edge,qwen2.5-0.5b,Q4_K_M,medium-005,medium,0,True,27512.008560996037,123,765.5,,
edge,qwen2.5-0.5b,Q4_K_M,medium-005,medium,1,False,28695.839228006662,128,765.5,,
edge,qwen2.5-0.5b,Q4_K_M,medium-005,medium,2,False,27085.059258010006,118,765.5,,
edge,qwen2.5-0.5b,Q4_K_M,medium-006,medium,0,True,13314.840325998375,25,765.5,,
edge,qwen2.5-0.5b,Q4_K_M,medium-006,medium,1,False,13040.88781599421,25,765.5,,
edge,qwen2.5-0.5b,Q4_K_M,medium-006,medium,2,False,12003.225975000532,18,765.5,,
edge,qwen2.5-0.5b,Q4_K_M,medium-007,medium,0,True,29366.203678000602,71,765.5,,
edge,qwen2.5-0.5b,Q4_K_M,medium-007,medium,1,False,25716.501499002334,71,765.5,,
edge,qwen2.5-0.5b,Q4_K_M,medium-007,medium,2,False,27015.85242099827,68,765.5,,
edge,qwen2.5-0.5b,Q4_K_M,medium-008,medium,0,True,20071.06858098996,58,765.5,,
edge,qwen2.5-0.5b,Q4_K_M,medium-008,medium,1,False,25619.53831098799,93,765.5,,
edge,qwen2.5-0.5b,Q4_K_M,medium-008,medium,2,False,24698.09330100543,93,765.5,,
edge,qwen2.5-0.5b,Q4_K_M,medium-009,medium,0,True,18399.72201999626,23,765.5,,
edge,qwen2.5-0.5b,Q4_K_M,medium-009,medium,1,False,18449.52124299016,23,765.5,,
edge,qwen2.5-0.5b,Q4_K_M,medium-009,medium,2,False,18453.945464003482,23,765.5,,
edge,qwen2.5-0.5b,Q4_K_M,medium-010,medium,0,True,12452.39480600867,13,765.5,,
edge,qwen2.5-0.5b,Q4_K_M,medium-010,medium,1,False,12190.715977994842,13,765.5,,
edge,qwen2.5-0.5b,Q4_K_M,medium-010,medium,2,False,12204.14883599733,13,765.5,,
edge,qwen2.5-0.5b,Q4_K_M,medium-011,medium,0,True,18057.997829004307,18,765.5,,
edge,qwen2.5-0.5b,Q4_K_M,medium-011,medium,1,False,17852.672103996156,17,765.5,,
edge,qwen2.5-0.5b,Q4_K_M,medium-011,medium,2,False,17418.95186500915,18,765.5,,
edge,qwen2.5-0.5b,Q4_K_M,medium-012,medium,0,True,17271.060370010673,24,765.5,,
edge,qwen2.5-0.5b,Q4_K_M,medium-012,medium,1,False,17308.736826002132,24,765.5,,
edge,qwen2.5-0.5b,Q4_K_M,medium-012,medium,2,False,15221.260248988983,27,765.5,,
edge,qwen2.5-0.5b,Q4_K_M,medium-013,medium,0,True,28518.778969999403,55,765.5,,
edge,qwen2.5-0.5b,Q4_K_M,medium-013,medium,1,False,27403.695297995,52,765.5,,
edge,qwen2.5-0.5b,Q4_K_M,medium-013,medium,2,False,28680.134420996183,52,765.5,,
edge,qwen2.5-0.5b,Q4_K_M,medium-014,medium,0,True,17831.949382991297,52,765.5,,
edge,qwen2.5-0.5b,Q4_K_M,medium-014,medium,1,False,20615.753841993865,55,765.5,,
edge,qwen2.5-0.5b,Q4_K_M,medium-014,medium,2,False,19480.746710993117,52,765.5,,
edge,qwen2.5-0.5b,Q4_K_M,medium-015,medium,0,True,32884.119333000854,128,765.5,,
edge,qwen2.5-0.5b,Q4_K_M,medium-015,medium,1,False,31990.2322429989,128,765.5,,
edge,qwen2.5-0.5b,Q4_K_M,medium-015,medium,2,False,30661.95929099922,128,765.5,,
edge,qwen2.5-0.5b,Q4_K_M,medium-016,medium,0,True,26970.457994000753,43,765.5,,
edge,qwen2.5-0.5b,Q4_K_M,medium-016,medium,1,False,33029.752305999864,81,765.5,,
edge,qwen2.5-0.5b,Q4_K_M,medium-016,medium,2,False,27191.30242500978,42,765.5,,
edge,qwen2.5-0.5b,Q4_K_M,medium-017,medium,0,True,40239.93098799838,104,765.5,,
edge,qwen2.5-0.5b,Q4_K_M,medium-017,medium,1,False,44782.18655400269,128,765.5,,
edge,qwen2.5-0.5b,Q4_K_M,medium-017,medium,2,False,44566.806843999075,128,765.5,,
edge,qwen2.5-0.5b,Q4_K_M,medium-018,medium,0,True,28286.91358199285,81,765.5,,
edge,qwen2.5-0.5b,Q4_K_M,medium-018,medium,1,False,22903.254865988856,47,765.5,,
edge,qwen2.5-0.5b,Q4_K_M,medium-018,medium,2,False,25011.510368000017,63,765.5,,
edge,qwen2.5-0.5b,Q4_K_M,medium-019,medium,0,True,27426.348874010728,89,765.5,,
edge,qwen2.5-0.5b,Q4_K_M,medium-019,medium,1,False,27868.777787996805,89,765.5,,
edge,qwen2.5-0.5b,Q4_K_M,medium-019,medium,2,False,28241.383790998952,89,765.5,,
edge,qwen2.5-0.5b,Q4_K_M,long-000,long,0,True,60265.65204100916,128,765.5,,
edge,qwen2.5-0.5b,Q4_K_M,long-000,long,1,False,43614.321977001964,39,765.5,,
edge,qwen2.5-0.5b,Q4_K_M,long-000,long,2,False,58744.28772000829,128,765.5,,
edge,qwen2.5-0.5b,Q4_K_M,long-001,long,0,True,45514.818471012404,84,765.5,,
edge,qwen2.5-0.5b,Q4_K_M,long-001,long,1,False,54267.32949599682,127,765.5,,
edge,qwen2.5-0.5b,Q4_K_M,long-001,long,2,False,48931.82623400935,85,765.5,,
edge,qwen2.5-0.5b,Q4_K_M,long-002,long,0,True,46587.954508999246,88,765.5,,
edge,qwen2.5-0.5b,Q4_K_M,long-002,long,1,False,40282.07786200801,44,765.5,,
edge,qwen2.5-0.5b,Q4_K_M,long-002,long,2,False,37231.45972000202,33,765.5,,
edge,qwen2.5-0.5b,Q4_K_M,long-003,long,0,True,59747.713135991944,113,765.5,,
edge,qwen2.5-0.5b,Q4_K_M,long-003,long,1,False,52678.85217801086,75,765.5,,
edge,qwen2.5-0.5b,Q4_K_M,long-003,long,2,False,58494.72911198973,110,765.5,,
edge,qwen2.5-0.5b,Q4_K_M,long-004,long,0,True,44253.873077002936,73,765.5,,
edge,qwen2.5-0.5b,Q4_K_M,long-004,long,1,False,53411.85695899185,128,765.5,,
edge,qwen2.5-0.5b,Q4_K_M,long-004,long,2,False,44438.239815004636,67,765.5,,
edge,qwen2.5-0.5b,Q4_K_M,long-005,long,0,True,45247.15908301005,72,765.5,,
edge,qwen2.5-0.5b,Q4_K_M,long-005,long,1,False,53688.85893499828,118,765.5,,
edge,qwen2.5-0.5b,Q4_K_M,long-005,long,2,False,47607.838762996835,77,765.5,,
edge,qwen2.5-0.5b,Q4_K_M,long-006,long,0,True,65923.22719100048,128,765.5,,
edge,qwen2.5-0.5b,Q4_K_M,long-006,long,1,False,65534.40295100154,128,765.5,,
edge,qwen2.5-0.5b,Q4_K_M,long-006,long,2,False,62295.79812999873,128,765.5,,
edge,qwen2.5-0.5b,Q4_K_M,long-007,long,0,True,46187.335086011444,76,765.5,,
edge,qwen2.5-0.5b,Q4_K_M,long-007,long,1,False,40228.675417005434,49,765.5,,
edge,qwen2.5-0.5b,Q4_K_M,long-007,long,2,False,44165.999966993695,68,765.5,,
edge,qwen2.5-0.5b,Q4_K_M,long-008,long,0,True,49250.33114400867,49,765.5,,
edge,qwen2.5-0.5b,Q4_K_M,long-008,long,1,False,52717.86658700148,65,765.5,,
edge,qwen2.5-0.5b,Q4_K_M,long-008,long,2,False,49797.70780701074,46,765.5,,
edge,qwen2.5-0.5b,Q8_0,short-000,short,0,True,2410.2251620060997,24,909.2265625,,
edge,qwen2.5-0.5b,Q8_0,short-000,short,1,False,1931.0179369931575,25,909.3515625,,
edge,qwen2.5-0.5b,Q8_0,short-000,short,2,False,1948.542815996916,25,909.3515625,,
edge,qwen2.5-0.5b,Q8_0,short-001,short,0,True,1959.8522759915795,17,910.9765625,,
edge,qwen2.5-0.5b,Q8_0,short-001,short,1,False,1885.1535490102833,17,910.9765625,,
edge,qwen2.5-0.5b,Q8_0,short-001,short,2,False,1902.367142989533,17,910.9765625,,
edge,qwen2.5-0.5b,Q8_0,short-002,short,0,True,1437.476445993525,4,911.7265625,,
edge,qwen2.5-0.5b,Q8_0,short-002,short,1,False,1544.5100219949381,4,911.7265625,,
edge,qwen2.5-0.5b,Q8_0,short-002,short,2,False,1410.4659440054093,4,911.7265625,,
edge,qwen2.5-0.5b,Q8_0,short-003,short,0,True,1742.1183999977075,13,911.7265625,,
edge,qwen2.5-0.5b,Q8_0,short-003,short,1,False,1848.5049229930155,13,911.7265625,,
edge,qwen2.5-0.5b,Q8_0,short-003,short,2,False,1561.7747110081837,10,911.7265625,,
edge,qwen2.5-0.5b,Q8_0,short-004,short,0,True,3994.7510749916546,68,911.7265625,,
edge,qwen2.5-0.5b,Q8_0,short-004,short,1,False,6200.31750400085,111,911.7265625,,
edge,qwen2.5-0.5b,Q8_0,short-004,short,2,False,4572.216471991851,79,911.7265625,,
edge,qwen2.5-0.5b,Q8_0,short-005,short,0,True,2085.5989240080817,18,911.7265625,,
edge,qwen2.5-0.5b,Q8_0,short-005,short,1,False,2119.4278040056815,18,911.7265625,,
edge,qwen2.5-0.5b,Q8_0,short-005,short,2,False,3704.1424679919146,46,911.7265625,,
edge,qwen2.5-0.5b,Q8_0,short-006,short,0,True,1681.4619600045262,12,911.7265625,,
edge,qwen2.5-0.5b,Q8_0,short-006,short,1,False,1663.2901899865828,14,911.7265625,,
edge,qwen2.5-0.5b,Q8_0,short-006,short,2,False,1222.3641500022495,4,911.7265625,,
edge,qwen2.5-0.5b,Q8_0,short-007,short,0,True,3290.7354869967094,49,911.7265625,,
edge,qwen2.5-0.5b,Q8_0,short-007,short,1,False,1991.5787169884425,21,911.7265625,,
edge,qwen2.5-0.5b,Q8_0,short-007,short,2,False,3694.390179007314,58,911.7265625,,
edge,qwen2.5-0.5b,Q8_0,short-008,short,0,True,4557.718347990885,48,911.9765625,,
edge,qwen2.5-0.5b,Q8_0,short-008,short,1,False,3181.5765390056185,40,911.9765625,,
edge,qwen2.5-0.5b,Q8_0,short-008,short,2,False,3309.471704007592,41,911.9765625,,
edge,qwen2.5-0.5b,Q8_0,short-009,short,0,True,4836.671734999982,81,911.9765625,,
edge,qwen2.5-0.5b,Q8_0,short-009,short,1,False,2401.609082997311,31,911.9765625,,
edge,qwen2.5-0.5b,Q8_0,short-009,short,2,False,2438.1946209905436,31,911.9765625,,
edge,qwen2.5-0.5b,Q8_0,short-010,short,0,True,4391.744788008509,76,911.9765625,,
edge,qwen2.5-0.5b,Q8_0,short-010,short,1,False,4696.214923009393,73,911.9765625,,
edge,qwen2.5-0.5b,Q8_0,short-010,short,2,False,4657.455257009133,77,911.9765625,,
edge,qwen2.5-0.5b,Q8_0,short-011,short,0,True,1474.3001599999843,16,911.9765625,,
edge,qwen2.5-0.5b,Q8_0,short-011,short,1,False,1475.8424989995547,16,911.9765625,,
edge,qwen2.5-0.5b,Q8_0,short-011,short,2,False,1487.6409229909768,16,911.9765625,,
edge,qwen2.5-0.5b,Q8_0,short-012,short,0,True,2034.7619019885315,23,911.9765625,,
edge,qwen2.5-0.5b,Q8_0,short-012,short,1,False,2177.2803560015745,21,911.9765625,,
edge,qwen2.5-0.5b,Q8_0,short-012,short,2,False,2114.213964989176,18,911.9765625,,
edge,qwen2.5-0.5b,Q8_0,short-013,short,0,True,3077.439314001822,49,911.9765625,,
edge,qwen2.5-0.5b,Q8_0,short-013,short,1,False,4174.278320002486,73,911.9765625,,
edge,qwen2.5-0.5b,Q8_0,short-013,short,2,False,4551.092895999318,80,911.9765625,,
edge,qwen2.5-0.5b,Q8_0,short-014,short,0,True,1338.2680240029003,7,911.9765625,,
edge,qwen2.5-0.5b,Q8_0,short-014,short,1,False,1222.2473260044353,7,911.9765625,,
edge,qwen2.5-0.5b,Q8_0,short-014,short,2,False,1224.7867420082912,7,911.9765625,,
edge,qwen2.5-0.5b,Q8_0,short-015,short,0,True,1498.1681110075442,11,911.9765625,,
edge,qwen2.5-0.5b,Q8_0,short-015,short,1,False,1444.5608779933536,11,911.9765625,,
edge,qwen2.5-0.5b,Q8_0,short-015,short,2,False,1394.9413419904886,11,911.9765625,,
edge,qwen2.5-0.5b,Q8_0,short-016,short,0,True,1815.4259930015542,24,911.9765625,,
edge,qwen2.5-0.5b,Q8_0,short-016,short,1,False,3114.069950999692,51,911.9765625,,
edge,qwen2.5-0.5b,Q8_0,short-016,short,2,False,1812.0880570058944,24,911.9765625,,
edge,qwen2.5-0.5b,Q8_0,short-017,short,0,True,1153.801057007513,8,911.9765625,,
edge,qwen2.5-0.5b,Q8_0,short-017,short,1,False,1096.1540460120887,8,911.9765625,,
edge,qwen2.5-0.5b,Q8_0,short-017,short,2,False,1085.3577420057263,8,911.9765625,,
edge,qwen2.5-0.5b,Q8_0,short-018,short,0,True,3045.147476994316,44,911.9765625,,
edge,qwen2.5-0.5b,Q8_0,short-018,short,1,False,3207.4758669914445,48,911.9765625,,
edge,qwen2.5-0.5b,Q8_0,short-018,short,2,False,3136.9036370015237,45,911.9765625,,
edge,qwen2.5-0.5b,Q8_0,short-019,short,0,True,2951.755531001254,46,911.9765625,,
edge,qwen2.5-0.5b,Q8_0,short-019,short,1,False,3026.0104869958013,49,911.9765625,,
edge,qwen2.5-0.5b,Q8_0,short-019,short,2,False,3134.5863430033205,51,911.9765625,,
edge,qwen2.5-0.5b,Q8_0,medium-000,medium,0,True,4283.728980997694,39,916.9765625,,
edge,qwen2.5-0.5b,Q8_0,medium-000,medium,1,False,4784.492238002713,39,916.9765625,,
edge,qwen2.5-0.5b,Q8_0,medium-000,medium,2,False,4284.109907006496,39,916.9765625,,
edge,qwen2.5-0.5b,Q8_0,medium-001,medium,0,True,7280.912977992557,58,920.2265625,,
edge,qwen2.5-0.5b,Q8_0,medium-001,medium,1,False,7917.909561001579,89,920.2265625,,
edge,qwen2.5-0.5b,Q8_0,medium-001,medium,2,False,6380.324787998688,59,920.2265625,,
edge,qwen2.5-0.5b,Q8_0,medium-002,medium,0,True,6659.743927011732,56,920.8515625,,
edge,qwen2.5-0.5b,Q8_0,medium-002,medium,1,False,5582.2529670113,33,920.8515625,,
edge,qwen2.5-0.5b,Q8_0,medium-002,medium,2,False,6349.716678989353,51,920.8515625,,
edge,qwen2.5-0.5b,Q8_0,medium-003,medium,0,True,3775.481959004537,27,920.8515625,,
edge,qwen2.5-0.5b,Q8_0,medium-003,medium,1,False,4121.488481992856,32,920.8515625,,
edge,qwen2.5-0.5b,Q8_0,medium-003,medium,2,False,4386.365685990313,39,920.8515625,,
edge,qwen2.5-0.5b,Q8_0,medium-004,medium,0,True,5572.879105995526,50,920.8515625,,
edge,qwen2.5-0.5b,Q8_0,medium-004,medium,1,False,4850.93538100773,50,920.8515625,,
edge,qwen2.5-0.5b,Q8_0,medium-004,medium,2,False,4829.317694006022,50,920.8515625,,
edge,qwen2.5-0.5b,Q8_0,medium-005,medium,0,True,8997.359461995075,128,920.8515625,,
edge,qwen2.5-0.5b,Q8_0,medium-005,medium,1,False,8642.44276600948,128,920.8515625,,
edge,qwen2.5-0.5b,Q8_0,medium-005,medium,2,False,9030.701994997798,128,920.8515625,,
edge,qwen2.5-0.5b,Q8_0,medium-006,medium,0,True,3166.8342310003936,23,920.8515625,,
edge,qwen2.5-0.5b,Q8_0,medium-006,medium,1,False,3245.257232003496,23,920.8515625,,
edge,qwen2.5-0.5b,Q8_0,medium-006,medium,2,False,3471.9301739969524,23,920.8515625,,
edge,qwen2.5-0.5b,Q8_0,medium-007,medium,0,True,6650.7172559940955,74,920.8515625,,
edge,qwen2.5-0.5b,Q8_0,medium-007,medium,1,False,6082.040588997188,64,920.8515625,,
edge,qwen2.5-0.5b,Q8_0,medium-007,medium,2,False,5988.422793991049,62,920.8515625,,
edge,qwen2.5-0.5b,Q8_0,medium-008,medium,0,True,5782.501537003554,68,920.8515625,,
edge,qwen2.5-0.5b,Q8_0,medium-008,medium,1,False,4331.349921005312,45,920.8515625,,
edge,qwen2.5-0.5b,Q8_0,medium-008,medium,2,False,4767.754975997377,54,920.8515625,,
edge,qwen2.5-0.5b,Q8_0,medium-009,medium,0,True,3751.8906089972006,16,920.8515625,,
edge,qwen2.5-0.5b,Q8_0,medium-009,medium,1,False,3673.1000029976713,16,920.8515625,,
edge,qwen2.5-0.5b,Q8_0,medium-009,medium,2,False,3667.6815370010445,16,920.8515625,,
edge,qwen2.5-0.5b,Q8_0,medium-010,medium,0,True,3754.4947029964533,23,920.8515625,,
edge,qwen2.5-0.5b,Q8_0,medium-010,medium,1,False,2929.2189900006633,16,920.8515625,,
edge,qwen2.5-0.5b,Q8_0,medium-010,medium,2,False,4079.891832006979,23,920.8515625,,
edge,qwen2.5-0.5b,Q8_0,medium-011,medium,0,True,6211.468346999027,57,920.8515625,,
edge,qwen2.5-0.5b,Q8_0,medium-011,medium,1,False,6625.572542005102,53,920.8515625,,
edge,qwen2.5-0.5b,Q8_0,medium-011,medium,2,False,5197.399190001306,44,920.8515625,,
edge,qwen2.5-0.5b,Q8_0,medium-012,medium,0,True,3695.3469289874192,24,920.8515625,,
edge,qwen2.5-0.5b,Q8_0,medium-012,medium,1,False,3476.1877999990247,23,920.8515625,,
edge,qwen2.5-0.5b,Q8_0,medium-012,medium,2,False,3482.043465002789,23,920.8515625,,
edge,qwen2.5-0.5b,Q8_0,medium-013,medium,0,True,7169.854922001832,57,921.9765625,,
edge,qwen2.5-0.5b,Q8_0,medium-013,medium,1,False,6938.964553992264,57,921.9765625,,
edge,qwen2.5-0.5b,Q8_0,medium-013,medium,2,False,7362.217111993232,57,921.9765625,,
edge,qwen2.5-0.5b,Q8_0,medium-014,medium,0,True,4438.142181010335,46,921.9765625,,
edge,qwen2.5-0.5b,Q8_0,medium-014,medium,1,False,4874.510727997404,48,921.9765625,,
edge,qwen2.5-0.5b,Q8_0,medium-014,medium,2,False,4743.472350994125,45,921.9765625,,
edge,qwen2.5-0.5b,Q8_0,medium-015,medium,0,True,9179.966369993053,128,921.9765625,,
edge,qwen2.5-0.5b,Q8_0,medium-015,medium,1,False,9066.734063002514,128,921.9765625,,
edge,qwen2.5-0.5b,Q8_0,medium-015,medium,2,False,9306.439758001943,128,921.9765625,,
edge,qwen2.5-0.5b,Q8_0,medium-016,medium,0,True,6549.237252998864,45,922.4765625,,
edge,qwen2.5-0.5b,Q8_0,medium-016,medium,1,False,6503.7783779989695,44,922.4765625,,
edge,qwen2.5-0.5b,Q8_0,medium-016,medium,2,False,6920.201795001049,45,922.4765625,,
edge,qwen2.5-0.5b,Q8_0,medium-017,medium,0,True,10019.059340003878,86,924.2265625,,
edge,qwen2.5-0.5b,Q8_0,medium-017,medium,1,False,12766.250328000751,128,924.2265625,,
edge,qwen2.5-0.5b,Q8_0,medium-017,medium,2,False,12622.452019000775,128,924.2265625,,
edge,qwen2.5-0.5b,Q8_0,medium-018,medium,0,True,5636.261036008364,44,924.2265625,,
edge,qwen2.5-0.5b,Q8_0,medium-018,medium,1,False,5999.733609991381,44,924.2265625,,
edge,qwen2.5-0.5b,Q8_0,medium-018,medium,2,False,5681.994804006536,44,924.2265625,,
edge,qwen2.5-0.5b,Q8_0,medium-019,medium,0,True,7701.076956000179,89,924.2265625,,
edge,qwen2.5-0.5b,Q8_0,medium-019,medium,1,False,7511.555307995877,89,924.2265625,,
edge,qwen2.5-0.5b,Q8_0,medium-019,medium,2,False,7493.885682008113,89,924.2265625,,
edge,qwen2.5-0.5b,Q8_0,long-000,long,0,True,16342.334550994565,128,931.6015625,,
edge,qwen2.5-0.5b,Q8_0,long-000,long,1,False,16731.14263599564,128,931.6015625,,
edge,qwen2.5-0.5b,Q8_0,long-000,long,2,False,10518.643261006218,43,931.6015625,,
edge,qwen2.5-0.5b,Q8_0,long-001,long,0,True,9731.130849002511,44,931.6015625,,
edge,qwen2.5-0.5b,Q8_0,long-001,long,1,False,11995.809708998422,65,931.6015625,,
edge,qwen2.5-0.5b,Q8_0,long-001,long,2,False,11646.570900004008,72,931.6015625,,
edge,qwen2.5-0.5b,Q8_0,long-002,long,0,True,8866.138199999114,29,931.6015625,,
edge,qwen2.5-0.5b,Q8_0,long-002,long,1,False,10540.227147008409,46,931.6015625,,
edge,qwen2.5-0.5b,Q8_0,long-002,long,2,False,10027.885429008165,42,931.6015625,,
edge,qwen2.5-0.5b,Q8_0,long-003,long,0,True,14872.873925007298,94,933.3515625,,
edge,qwen2.5-0.5b,Q8_0,long-003,long,1,False,13370.477752992883,74,933.3515625,,
edge,qwen2.5-0.5b,Q8_0,long-003,long,2,False,17388.38449800096,128,933.3515625,,
edge,qwen2.5-0.5b,Q8_0,long-004,long,0,True,13688.173908987665,93,933.3515625,,
edge,qwen2.5-0.5b,Q8_0,long-004,long,1,False,13775.150030996883,100,933.3515625,,
edge,qwen2.5-0.5b,Q8_0,long-004,long,2,False,12832.967057009228,79,933.3515625,,
edge,qwen2.5-0.5b,Q8_0,long-005,long,0,True,10471.357663001982,51,933.3515625,,
edge,qwen2.5-0.5b,Q8_0,long-005,long,1,False,10773.582850000821,53,933.3515625,,
edge,qwen2.5-0.5b,Q8_0,long-005,long,2,False,12533.157476005726,76,933.3515625,,
edge,qwen2.5-0.5b,Q8_0,long-006,long,0,True,17974.983311010874,128,934.6015625,,
edge,qwen2.5-0.5b,Q8_0,long-006,long,1,False,17500.148556995555,128,934.6015625,,
edge,qwen2.5-0.5b,Q8_0,long-006,long,2,False,18126.373398990836,128,934.6015625,,
edge,qwen2.5-0.5b,Q8_0,long-007,long,0,True,10112.399197008926,52,934.6015625,,
edge,qwen2.5-0.5b,Q8_0,long-007,long,1,False,10349.243360993569,56,934.6015625,,
edge,qwen2.5-0.5b,Q8_0,long-007,long,2,False,11698.670147990924,71,934.6015625,,
edge,qwen2.5-0.5b,Q8_0,long-008,long,0,True,14851.464895007666,59,934.6015625,,
edge,qwen2.5-0.5b,Q8_0,long-008,long,1,False,14406.84397899895,62,934.6015625,,
edge,qwen2.5-0.5b,Q8_0,long-008,long,2,False,13485.766710000462,56,934.6015625,,
edge,tinyllama-1.1b,F16,short-000,short,0,True,87218.33558000071,128,2342.91015625,,
edge,tinyllama-1.1b,F16,short-000,short,1,False,83608.43348200433,128,2343.03515625,,
edge,tinyllama-1.1b,F16,short-000,short,2,False,81101.37615900021,128,2343.03515625,,
edge,tinyllama-1.1b,F16,short-001,short,0,True,93832.0073290015,128,2347.53515625,,
edge,tinyllama-1.1b,F16,short-001,short,1,False,90728.00436599937,128,2347.53515625,,
edge,tinyllama-1.1b,F16,short-001,short,2,False,91601.89387800347,128,2347.53515625,,
edge,tinyllama-1.1b,F16,short-002,short,0,True,63875.08029899618,66,2348.03515625,,
edge,tinyllama-1.1b,F16,short-002,short,1,False,59826.39886099787,58,2348.03515625,,
edge,tinyllama-1.1b,F16,short-002,short,2,False,70927.6815330013,84,2348.03515625,,
edge,tinyllama-1.1b,F16,short-003,short,0,True,34003.12626199593,18,2348.03515625,,
edge,tinyllama-1.1b,F16,short-003,short,1,False,33837.383076999686,19,2348.03515625,,
edge,tinyllama-1.1b,F16,short-003,short,2,False,33563.26513800013,18,2348.03515625,,
edge,tinyllama-1.1b,F16,short-004,short,0,True,83424.1442670027,128,2348.03515625,,
edge,tinyllama-1.1b,F16,short-004,short,1,False,83100.76112399838,128,2348.03515625,,
edge,tinyllama-1.1b,F16,short-004,short,2,False,84939.87259700225,128,2348.03515625,,
edge,tinyllama-1.1b,F16,short-005,short,0,True,91713.44358100032,128,2348.03515625,,
edge,tinyllama-1.1b,F16,short-005,short,1,False,91321.83131200145,128,2348.03515625,,
edge,tinyllama-1.1b,F16,short-005,short,2,False,93686.27890999778,128,2348.03515625,,
edge,tinyllama-1.1b,F16,short-006,short,0,True,29721.368509002787,13,2348.03515625,,
edge,tinyllama-1.1b,F16,short-006,short,1,False,27851.670438001747,13,2348.03515625,,
edge,tinyllama-1.1b,F16,short-006,short,2,False,28232.73881899513,13,2348.03515625,,
edge,tinyllama-1.1b,F16,short-007,short,0,True,86657.71624900663,128,2348.03515625,,
edge,tinyllama-1.1b,F16,short-007,short,1,False,86888.51265399717,128,2348.03515625,,
edge,tinyllama-1.1b,F16,short-007,short,2,False,86834.56386499893,128,2348.03515625,,
edge,tinyllama-1.1b,F16,short-008,short,0,True,93261.41652100341,128,2348.03515625,,
edge,tinyllama-1.1b,F16,short-008,short,1,False,90712.9975400021,128,2348.03515625,,
edge,tinyllama-1.1b,F16,short-008,short,2,False,91507.61704199977,128,2348.03515625,,
edge,tinyllama-1.1b,F16,short-009,short,0,True,86518.48806199996,128,2348.03515625,,
edge,tinyllama-1.1b,F16,short-009,short,1,False,86722.34446600487,128,2348.03515625,,
edge,tinyllama-1.1b,F16,short-009,short,2,False,86066.91468799545,128,2348.03515625,,
edge,tinyllama-1.1b,F16,short-010,short,0,True,85068.97129400022,128,2348.03515625,,
edge,tinyllama-1.1b,F16,short-010,short,1,False,79943.72036500135,116,2348.03515625,,
edge,tinyllama-1.1b,F16,short-010,short,2,False,85835.57088600355,128,2348.03515625,,
edge,tinyllama-1.1b,F16,short-011,short,0,True,85095.78966099798,128,2348.03515625,,
edge,tinyllama-1.1b,F16,short-011,short,1,False,84427.404424001,128,2348.03515625,,
edge,tinyllama-1.1b,F16,short-011,short,2,False,82470.78550799779,128,2348.03515625,,
edge,tinyllama-1.1b,F16,short-012,short,0,True,107255.69326099503,77,2348.03515625,,
edge,tinyllama-1.1b,F16,short-012,short,1,False,66060.02163599624,78,2348.03515625,,
edge,tinyllama-1.1b,F16,short-012,short,2,False,65854.49622900342,75,2348.03515625,,
edge,tinyllama-1.1b,F16,short-013,short,0,True,86190.99625099625,128,2348.03515625,,
edge,tinyllama-1.1b,F16,short-013,short,1,False,85290.43780999928,128,2348.03515625,,
edge,tinyllama-1.1b,F16,short-013,short,2,False,96221.82453300047,128,2348.03515625,,
edge,tinyllama-1.1b,F16,short-014,short,0,True,24373.15037799999,8,2348.03515625,,
edge,tinyllama-1.1b,F16,short-014,short,1,False,24644.772243998887,8,2348.03515625,,
edge,tinyllama-1.1b,F16,short-014,short,2,False,24986.032466003962,8,2348.03515625,,
edge,tinyllama-1.1b,F16,short-015,short,0,True,33919.759903998056,22,2348.03515625,,
edge,tinyllama-1.1b,F16,short-015,short,1,False,35376.347561999864,22,2348.03515625,,
edge,tinyllama-1.1b,F16,short-015,short,2,False,31583.475052000722,20,2348.03515625,,
edge,tinyllama-1.1b,F16,short-016,short,0,True,74093.45297999971,110,2348.03515625,,
edge,tinyllama-1.1b,F16,short-016,short,1,False,75907.9002619983,115,2348.03515625,,
edge,tinyllama-1.1b,F16,short-016,short,2,False,71817.60377799947,107,2348.03515625,,
edge,tinyllama-1.1b,F16,short-017,short,0,True,68605.4633149979,100,2348.03515625,,
edge,tinyllama-1.1b,F16,short-017,short,1,False,72636.25725200109,104,2348.03515625,,
edge,tinyllama-1.1b,F16,short-017,short,2,False,50902.58756699768,65,2348.03515625,,
edge,tinyllama-1.1b,F16,short-018,short,0,True,92528.77653299947,128,2348.03515625,,
edge,tinyllama-1.1b,F16,short-018,short,1,False,92339.8450570021,128,2348.03515625,,
edge,tinyllama-1.1b,F16,short-018,short,2,False,90375.19637600053,128,2348.03515625,,
edge,tinyllama-1.1b,F16,short-019,short,0,True,86894.02891100326,128,2348.03515625,,
edge,tinyllama-1.1b,F16,short-019,short,1,False,83824.24182799878,128,2348.03515625,,
edge,tinyllama-1.1b,F16,short-019,short,2,False,82726.20662299596,128,2348.03515625,,
edge,tinyllama-1.1b,F16,medium-000,medium,0,True,81762.04849499481,67,2356.53515625,,
edge,tinyllama-1.1b,F16,medium-000,medium,1,False,82116.10752999695,73,2356.53515625,,
edge,tinyllama-1.1b,F16,medium-000,medium,2,False,79940.17298999825,64,2356.53515625,,
edge,tinyllama-1.1b,F16,medium-001,medium,0,True,120234.5279939982,104,2364.12109375,,
edge,tinyllama-1.1b,F16,medium-001,medium,1,False,105378.18265699752,72,2364.12109375,,
edge,tinyllama-1.1b,F16,medium-001,medium,2,False,118874.7557530005,103,2364.12109375,,
edge,tinyllama-1.1b,F16,medium-002,medium,0,True,142557.50188299862,128,2365.71484375,,
edge,tinyllama-1.1b,F16,medium-002,medium,1,False,134638.18718199764,128,2365.71484375,,
edge,tinyllama-1.1b,F16,medium-002,medium,2,False,137256.9807990003,128,2365.71484375,,
edge,tinyllama-1.1b,F16,medium-003,medium,0,True,83505.29687800008,63,2365.71484375,,
edge,tinyllama-1.1b,F16,medium-003,medium,1,False,93584.52891300112,82,2365.71484375,,
edge,tinyllama-1.1b,F16,medium-003,medium,2,False,92284.31323399855,82,2365.71484375,,
edge,tinyllama-1.1b,F16,medium-004,medium,0,True,72804.34810400038,53,2365.71484375,,
edge,tinyllama-1.1b,F16,medium-004,medium,1,False,72369.30285699782,52,2365.71484375,,
edge,tinyllama-1.1b,F16,medium-004,medium,2,False,72353.39261199988,52,2365.71484375,,
edge,tinyllama-1.1b,F16,medium-005,medium,0,True,106329.30455300084,128,2365.71484375,,
edge,tinyllama-1.1b,F16,medium-005,medium,1,False,106769.83661299892,128,2365.71484375,,
edge,tinyllama-1.1b,F16,medium-005,medium,2,False,107068.70736800192,128,2365.71484375,,
edge,tinyllama-1.1b,F16,medium-006,medium,0,True,76010.9450730015,68,2365.71484375,,
edge,tinyllama-1.1b,F16,medium-006,medium,1,False,69716.82654100005,56,2365.71484375,,
edge,tinyllama-1.1b,F16,medium-006,medium,2,False,77304.73415699817,68,2365.71484375,,
edge,tinyllama-1.1b,F16,medium-007,medium,0,True,107410.82706599991,108,2365.71484375,,
edge,tinyllama-1.1b,F16,medium-007,medium,1,False,88678.54450400046,75,2365.71484375,,
edge,tinyllama-1.1b,F16,medium-007,medium,2,False,105136.2645679983,107,2365.71484375,,
edge,tinyllama-1.1b,F16,medium-008,medium,0,True,108728.46399799892,128,2365.71484375,,
edge,tinyllama-1.1b,F16,medium-008,medium,1,False,108158.40170799493,128,2365.71484375,,
edge,tinyllama-1.1b,F16,medium-008,medium,2,False,106222.22522299853,128,2365.71484375,,
edge,tinyllama-1.1b,F16,medium-009,medium,0,True,123793.98407199915,128,2365.71484375,,
edge,tinyllama-1.1b,F16,medium-009,medium,1,False,121375.22293199436,128,2365.71484375,,
edge,tinyllama-1.1b,F16,medium-009,medium,2,False,93425.62989900034,74,2365.71484375,,
edge,tinyllama-1.1b,F16,medium-010,medium,0,True,60608.80074400484,40,2365.71484375,,
edge,tinyllama-1.1b,F16,medium-010,medium,1,False,55420.83164500218,30,2365.71484375,,
edge,tinyllama-1.1b,F16,medium-010,medium,2,False,73596.11517000303,65,2365.71484375,,
edge,tinyllama-1.1b,F16,medium-011,medium,0,True,95106.81706800096,76,2365.71484375,,
edge,tinyllama-1.1b,F16,medium-011,medium,1,False,96643.30763200269,76,2365.71484375,,
edge,tinyllama-1.1b,F16,medium-011,medium,2,False,94912.30102300324,76,2365.71484375,,
edge,tinyllama-1.1b,F16,medium-012,medium,0,True,111464.91675799916,128,2365.71484375,,
edge,tinyllama-1.1b,F16,medium-012,medium,1,False,113046.14001799928,128,2365.71484375,,
edge,tinyllama-1.1b,F16,medium-012,medium,2,False,114350.6045460017,128,2365.71484375,,
edge,tinyllama-1.1b,F16,medium-013,medium,0,True,143864.9476770006,128,2367.5,,
edge,tinyllama-1.1b,F16,medium-013,medium,1,False,141043.13984000328,128,2367.5,,
edge,tinyllama-1.1b,F16,medium-013,medium,2,False,146585.7386849966,128,2367.5,,
edge,tinyllama-1.1b,F16,medium-014,medium,0,True,109877.99513700156,128,2367.5,,
edge,tinyllama-1.1b,F16,medium-014,medium,1,False,109672.89523300133,128,2367.5,,
edge,tinyllama-1.1b,F16,medium-014,medium,2,False,112683.2994150027,128,2367.5,,
edge,tinyllama-1.1b,F16,medium-015,medium,0,True,113722.53467400151,128,2367.5,,
edge,tinyllama-1.1b,F16,medium-015,medium,1,False,111262.07265300036,128,2367.5,,
edge,tinyllama-1.1b,F16,medium-015,medium,2,False,112473.38525899977,128,2367.5,,
edge,tinyllama-1.1b,F16,medium-016,medium,0,True,147792.8251780031,128,2368.2578125,,
edge,tinyllama-1.1b,F16,medium-016,medium,1,False,143984.9565859986,122,2368.2578125,,
edge,tinyllama-1.1b,F16,medium-016,medium,2,False,140927.54318300285,121,2368.2578125,,
edge,tinyllama-1.1b,F16,medium-017,medium,0,True,164583.08135400148,128,2370.5546875,,
edge,tinyllama-1.1b,F16,medium-017,medium,1,False,162561.07749399962,128,2370.5546875,,
edge,tinyllama-1.1b,F16,medium-017,medium,2,False,159715.27775700088,128,2370.5546875,,
edge,tinyllama-1.1b,F16,medium-018,medium,0,True,135788.49539499788,128,2370.5546875,,
edge,tinyllama-1.1b,F16,medium-018,medium,1,False,135825.5548140005,128,2370.5546875,,
edge,tinyllama-1.1b,F16,medium-018,medium,2,False,133646.87742100068,128,2370.5546875,,
edge,tinyllama-1.1b,F16,medium-019,medium,0,True,112065.98427900462,111,2370.5546875,,
edge,tinyllama-1.1b,F16,medium-019,medium,1,False,118093.98900299857,121,2370.5546875,,
edge,tinyllama-1.1b,F16,medium-019,medium,2,False,111062.8725839997,105,2370.5546875,,
edge,tinyllama-1.1b,F16,long-001,long,0,True,243334.3223109987,120,2381.25390625,,
edge,tinyllama-1.1b,F16,long-002,long,1,False,261788.42437799904,128,2381.25390625,,
edge,tinyllama-1.1b,F16,long-002,long,2,False,228904.38110799732,128,2381.25390625,,
edge,tinyllama-1.1b,F16,long-003,long,0,True,260222.14385400002,128,2383.14453125,,
edge,tinyllama-1.1b,F16,long-003,long,1,False,258246.03851199936,128,2383.14453125,,
edge,tinyllama-1.1b,F16,long-003,long,2,False,262198.2150900003,128,2383.14453125,,
edge,tinyllama-1.1b,F16,long-004,long,0,True,220064.5812090006,128,2383.14453125,,
edge,tinyllama-1.1b,F16,long-004,long,1,False,236462.47250199667,128,2383.14453125,,
edge,tinyllama-1.1b,F16,long-004,long,2,False,236039.31813200325,128,2383.14453125,,
edge,tinyllama-1.1b,F16,long-005,long,0,True,264634.36658499995,128,2383.14453125,,
edge,tinyllama-1.1b,F16,long-005,long,1,False,240939.6972159957,128,2383.14453125,,
edge,tinyllama-1.1b,F16,long-005,long,2,False,237936.30197199673,128,2383.14453125,,
edge,tinyllama-1.1b,F16,long-006,long,0,True,274427.2892220033,128,2383.14453125,,
edge,tinyllama-1.1b,F16,long-006,long,1,False,242538.1434450028,128,2383.14453125,,
edge,tinyllama-1.1b,F16,long-006,long,2,False,226979.1616980001,128,2383.14453125,,
edge,tinyllama-1.1b,F16,long-007,long,0,True,193844.5710110027,128,2383.14453125,,
edge,tinyllama-1.1b,F16,long-007,long,1,False,195137.20283599832,128,2383.14453125,,
edge,tinyllama-1.1b,F16,long-007,long,2,False,193957.62068700424,128,2383.14453125,,
edge,tinyllama-1.1b,F16,long-008,long,0,True,230536.9900270016,128,2383.6796875,,
edge,tinyllama-1.1b,F16,long-008,long,1,False,228689.72610299534,122,2383.6796875,,
edge,tinyllama-1.1b,F16,long-008,long,2,False,225560.7959350018,128,2383.6796875,,
edge,tinyllama-1.1b,F16,long-000,long,0,True,229078.23393199942,128,2383.6796875,,
edge,tinyllama-1.1b,F16,long-000,long,1,False,209884.0779989987,128,2383.6796875,,
edge,tinyllama-1.1b,F16,long-000,long,2,False,203918.89067800366,128,2383.6796875,,
edge,tinyllama-1.1b,F16,long-001,long,1,False,189000.47239700507,128,2383.6796875,,
edge,tinyllama-1.1b,F16,long-001,long,2,False,191367.67109201173,128,2383.6796875,,
edge,tinyllama-1.1b,F16,long-002,long,0,True,172192.80133000575,86,2383.6796875,,
edge,tinyllama-1.1b,Q4_K_M,short-000,short,0,True,55174.432121999416,128,886.59375,,
edge,tinyllama-1.1b,Q4_K_M,short-000,short,1,False,54512.29403399702,128,886.59375,,
edge,tinyllama-1.1b,Q4_K_M,short-000,short,2,False,55426.91535599806,128,886.59375,,
edge,tinyllama-1.1b,Q4_K_M,short-001,short,0,True,62889.43948100132,128,886.59375,,
edge,tinyllama-1.1b,Q4_K_M,short-001,short,1,False,60870.736423999915,128,886.59375,,
edge,tinyllama-1.1b,Q4_K_M,short-001,short,2,False,60598.8153770013,128,886.59375,,
edge,tinyllama-1.1b,Q4_K_M,short-002,short,0,True,38625.687139996444,58,886.96875,,
edge,tinyllama-1.1b,Q4_K_M,short-002,short,1,False,52408.757689001504,98,886.96875,,
edge,tinyllama-1.1b,Q4_K_M,short-002,short,2,False,45049.71299300087,81,886.96875,,
edge,tinyllama-1.1b,Q4_K_M,short-003,short,0,True,23710.675556998467,20,886.96875,,
edge,tinyllama-1.1b,Q4_K_M,short-003,short,1,False,22169.852497001557,17,886.96875,,
edge,tinyllama-1.1b,Q4_K_M,short-003,short,2,False,25625.16653000057,25,886.96875,,
edge,tinyllama-1.1b,Q4_K_M,short-004,short,0,True,55813.456214000325,128,886.96875,,
edge,tinyllama-1.1b,Q4_K_M,short-004,short,1,False,55139.22569699935,128,886.96875,,
edge,tinyllama-1.1b,Q4_K_M,short-004,short,2,False,55897.6043640032,128,886.96875,,
edge,tinyllama-1.1b,Q4_K_M,short-005,short,0,True,62453.26863599985,128,886.96875,,
edge,tinyllama-1.1b,Q4_K_M,short-005,short,1,False,60771.26076099739,128,886.96875,,
edge,tinyllama-1.1b,Q4_K_M,short-005,short,2,False,59957.16565699695,128,886.96875,,
edge,tinyllama-1.1b,Q4_K_M,short-006,short,0,True,21106.022533000214,11,886.96875,,
edge,tinyllama-1.1b,Q4_K_M,short-006,short,1,False,18821.978571999352,11,886.96875,,
edge,tinyllama-1.1b,Q4_K_M,short-006,short,2,False,18115.73713299731,11,886.96875,,
edge,tinyllama-1.1b,Q4_K_M,short-007,short,0,True,57094.43661200203,128,886.96875,,
edge,tinyllama-1.1b,Q4_K_M,short-007,short,1,False,57602.56956199737,128,886.96875,,
edge,tinyllama-1.1b,Q4_K_M,short-007,short,2,False,57529.72788600164,128,886.96875,,
edge,tinyllama-1.1b,Q4_K_M,short-008,short,0,True,60459.61148099741,128,886.96875,,
edge,tinyllama-1.1b,Q4_K_M,short-008,short,1,False,60061.40669799788,128,886.96875,,
edge,tinyllama-1.1b,Q4_K_M,short-008,short,2,False,62113.1062530003,128,886.96875,,
edge,tinyllama-1.1b,Q4_K_M,short-009,short,0,True,59650.56349600127,128,886.96875,,
edge,tinyllama-1.1b,Q4_K_M,short-009,short,1,False,56956.749828998,128,886.96875,,
edge,tinyllama-1.1b,Q4_K_M,short-009,short,2,False,57035.76071600037,128,886.96875,,
edge,tinyllama-1.1b,Q4_K_M,short-010,short,0,True,55866.79614999957,128,886.96875,,
edge,tinyllama-1.1b,Q4_K_M,short-010,short,1,False,55705.90965199881,128,886.96875,,
edge,tinyllama-1.1b,Q4_K_M,short-010,short,2,False,56625.46438099889,128,886.96875,,
edge,tinyllama-1.1b,Q4_K_M,short-011,short,0,True,55088.04196199708,128,886.96875,,
edge,tinyllama-1.1b,Q4_K_M,short-011,short,1,False,54997.62453000221,128,886.96875,,
edge,tinyllama-1.1b,Q4_K_M,short-011,short,2,False,56040.14174400072,128,886.96875,,
edge,tinyllama-1.1b,Q4_K_M,short-012,short,0,True,27810.067919002904,34,886.96875,,
edge,tinyllama-1.1b,Q4_K_M,short-012,short,1,False,26566.005889002554,35,886.96875,,
edge,tinyllama-1.1b,Q4_K_M,short-012,short,2,False,26103.968562001683,27,886.96875,,
edge,tinyllama-1.1b,Q4_K_M,short-013,short,0,True,56234.27484599961,128,886.96875,,
edge,tinyllama-1.1b,Q4_K_M,short-013,short,1,False,54465.47134300272,128,886.96875,,
edge,tinyllama-1.1b,Q4_K_M,short-013,short,2,False,53707.97535800011,128,886.96875,,
edge,tinyllama-1.1b,Q4_K_M,short-014,short,0,True,15937.661996002134,8,886.96875,,
edge,tinyllama-1.1b,Q4_K_M,short-014,short,1,False,16682.93870799971,8,886.96875,,
edge,tinyllama-1.1b,Q4_K_M,short-014,short,2,False,16237.551394999173,8,886.96875,,
edge,tinyllama-1.1b,Q4_K_M,short-015,short,0,True,18002.69031100106,11,886.96875,,
edge,tinyllama-1.1b,Q4_K_M,short-015,short,1,False,17929.356412001653,11,886.96875,,
edge,tinyllama-1.1b,Q4_K_M,short-015,short,2,False,17530.08288399724,11,886.96875,,
edge,tinyllama-1.1b,Q4_K_M,short-016,short,0,True,45468.19407899966,101,886.96875,,
edge,tinyllama-1.1b,Q4_K_M,short-016,short,1,False,46329.87941999818,102,886.96875,,
edge,tinyllama-1.1b,Q4_K_M,short-016,short,2,False,46643.29641199947,106,886.96875,,
edge,tinyllama-1.1b,Q4_K_M,short-017,short,0,True,40012.70632100204,80,886.96875,,
edge,tinyllama-1.1b,Q4_K_M,short-017,short,1,False,46628.48337899777,92,886.96875,,
edge,tinyllama-1.1b,Q4_K_M,short-017,short,2,False,41932.592888002546,93,886.96875,,
edge,tinyllama-1.1b,Q4_K_M,short-018,short,0,True,56838.209500998346,128,886.96875,,
edge,tinyllama-1.1b,Q4_K_M,short-018,short,1,False,56641.22576199952,128,886.96875,,
edge,tinyllama-1.1b,Q4_K_M,short-018,short,2,False,58745.55386999782,128,886.96875,,
edge,tinyllama-1.1b,Q4_K_M,short-019,short,0,True,53600.42135099866,128,886.96875,,
edge,tinyllama-1.1b,Q4_K_M,short-019,short,1,False,53631.50993599993,128,886.96875,,
edge,tinyllama-1.1b,Q4_K_M,short-019,short,2,False,53887.607280998054,128,886.96875,,
edge,tinyllama-1.1b,Q4_K_M,medium-000,medium,0,True,53602.27830400254,68,894.71875,,
edge,tinyllama-1.1b,Q4_K_M,medium-000,medium,1,False,59740.46710299808,85,894.71875,,
edge,tinyllama-1.1b,Q4_K_M,medium-000,medium,2,False,54812.958482001704,70,894.71875,,
edge,tinyllama-1.1b,Q4_K_M,medium-001,medium,0,True,75047.98768199907,82,902.34375,,
edge,tinyllama-1.1b,Q4_K_M,medium-001,medium,1,False,71020.57045000038,76,902.34375,,
edge,tinyllama-1.1b,Q4_K_M,medium-001,medium,2,False,68254.9289430026,70,902.34375,,
edge,tinyllama-1.1b,Q4_K_M,medium-002,medium,0,True,96845.34103999977,128,904.21875,,
edge,tinyllama-1.1b,Q4_K_M,medium-002,medium,1,False,97660.7267090003,128,904.21875,,
edge,tinyllama-1.1b,Q4_K_M,medium-002,medium,2,False,94810.14790599875,128,904.21875,,
edge,tinyllama-1.1b,Q4_K_M,medium-003,medium,0,True,69400.61886400144,102,904.21875,,
edge,tinyllama-1.1b,Q4_K_M,medium-003,medium,1,False,58960.906274998706,74,904.21875,,
edge,tinyllama-1.1b,Q4_K_M,medium-003,medium,2,False,73662.00070000195,115,904.21875,,
edge,tinyllama-1.1b,Q4_K_M,medium-004,medium,0,True,55121.87848300164,73,904.21875,,
edge,tinyllama-1.1b,Q4_K_M,medium-004,medium,1,False,53439.32623599903,53,904.21875,,
edge,tinyllama-1.1b,Q4_K_M,medium-004,medium,2,False,49282.19551299844,49,904.21875,,
edge,tinyllama-1.1b,Q4_K_M,medium-005,medium,0,True,72038.28281900496,128,904.21875,,
edge,tinyllama-1.1b,Q4_K_M,medium-005,medium,1,False,72321.15616500232,128,904.21875,,
edge,tinyllama-1.1b,Q4_K_M,medium-005,medium,2,False,72149.71947200684,128,904.21875,,
edge,tinyllama-1.1b,Q4_K_M,medium-006,medium,0,True,46741.60553999536,50,904.21875,,
edge,tinyllama-1.1b,Q4_K_M,medium-006,medium,1,False,45950.89011800155,50,904.21875,,
edge,tinyllama-1.1b,Q4_K_M,medium-006,medium,2,False,47643.52066300489,50,904.21875,,
edge,tinyllama-1.1b,Q4_K_M,medium-007,medium,0,True,78834.48335600406,121,904.21875,,
edge,tinyllama-1.1b,Q4_K_M,medium-007,medium,1,False,79275.78336500301,120,904.21875,,
edge,tinyllama-1.1b,Q4_K_M,medium-007,medium,2,False,76361.86268399615,111,904.21875,,
edge,tinyllama-1.1b,Q4_K_M,medium-008,medium,0,True,75810.53190999955,128,904.21875,,
edge,tinyllama-1.1b,Q4_K_M,medium-008,medium,1,False,73640.95312700374,128,904.21875,,
edge,tinyllama-1.1b,Q4_K_M,medium-008,medium,2,False,72495.37195700395,128,904.21875,,
edge,tinyllama-1.1b,Q4_K_M,medium-009,medium,0,True,82814.89256500208,121,904.21875,,
edge,tinyllama-1.1b,Q4_K_M,medium-009,medium,1,False,80223.9217210008,121,904.21875,,
edge,tinyllama-1.1b,Q4_K_M,medium-009,medium,2,False,81600.67227900436,128,904.21875,,
edge,tinyllama-1.1b,Q4_K_M,medium-010,medium,0,True,37046.80462700344,30,904.21875,,
edge,tinyllama-1.1b,Q4_K_M,medium-010,medium,1,False,38332.406720997824,32,904.21875,,
edge,tinyllama-1.1b,Q4_K_M,medium-010,medium,2,False,38148.787179001374,33,904.21875,,
edge,tinyllama-1.1b,Q4_K_M,medium-011,medium,0,True,72375.79879999976,97,904.21875,,
edge,tinyllama-1.1b,Q4_K_M,medium-011,medium,1,False,79112.72647699661,117,904.21875,,
edge,tinyllama-1.1b,Q4_K_M,medium-011,medium,2,False,75820.7548010032,99,904.21875,,
edge,tinyllama-1.1b,Q4_K_M,medium-012,medium,0,True,78283.38998899562,128,904.21875,,
edge,tinyllama-1.1b,Q4_K_M,medium-012,medium,1,False,78713.40506200067,128,904.21875,,
edge,tinyllama-1.1b,Q4_K_M,medium-012,medium,2,False,75147.9745980032,128,904.21875,,
edge,tinyllama-1.1b,Q4_K_M,medium-013,medium,0,True,98394.6876189948,128,905.34375,,
edge,tinyllama-1.1b,Q4_K_M,medium-013,medium,1,False,100473.07355800149,128,905.34375,,
edge,tinyllama-1.1b,Q4_K_M,medium-013,medium,2,False,99353.84905999672,128,905.34375,,
edge,tinyllama-1.1b,Q4_K_M,medium-014,medium,0,True,78747.66625399934,128,905.34375,,
edge,tinyllama-1.1b,Q4_K_M,medium-014,medium,1,False,73174.69087000063,128,905.34375,,
edge,tinyllama-1.1b,Q4_K_M,medium-014,medium,2,False,75373.47224399855,128,905.34375,,
edge,tinyllama-1.1b,Q4_K_M,medium-015,medium,0,True,75744.61609099671,128,905.34375,,
edge,tinyllama-1.1b,Q4_K_M,medium-015,medium,1,False,76397.3790500022,128,905.34375,,
edge,tinyllama-1.1b,Q4_K_M,medium-015,medium,2,False,75515.74925499881,128,905.34375,,
edge,tinyllama-1.1b,Q4_K_M,medium-016,medium,0,True,90308.13675199897,87,906.34375,,
edge,tinyllama-1.1b,Q4_K_M,medium-016,medium,1,False,89056.40502899769,94,906.34375,,
edge,tinyllama-1.1b,Q4_K_M,medium-016,medium,2,False,102980.87674299313,114,906.34375,,
edge,tinyllama-1.1b,Q4_K_M,medium-017,medium,0,True,112035.06927900162,128,908.09375,,
edge,tinyllama-1.1b,Q4_K_M,medium-017,medium,1,False,109171.94692500198,128,908.09375,,
edge,tinyllama-1.1b,Q4_K_M,medium-017,medium,2,False,110998.58288800169,128,908.09375,,
edge,tinyllama-1.1b,Q4_K_M,medium-018,medium,0,True,91397.53606500017,128,908.09375,,
edge,tinyllama-1.1b,Q4_K_M,medium-018,medium,1,False,74776.26519800106,87,908.09375,,
edge,tinyllama-1.1b,Q4_K_M,medium-018,medium,2,False,94440.59872499929,128,908.09375,,
edge,tinyllama-1.1b,Q4_K_M,medium-019,medium,0,True,70433.32502499834,94,908.09375,,
edge,tinyllama-1.1b,Q4_K_M,medium-019,medium,1,False,80504.93233599991,115,908.09375,,
edge,tinyllama-1.1b,Q4_K_M,medium-019,medium,2,False,81943.97721099813,126,908.09375,,
edge,tinyllama-1.1b,Q4_K_M,long-001,long,1,False,176754.61919699592,128,921.859375,,
edge,tinyllama-1.1b,Q4_K_M,long-001,long,2,False,136641.73150699935,128,921.859375,,
edge,tinyllama-1.1b,Q4_K_M,long-002,long,0,True,193876.45815900032,128,921.859375,,
edge,tinyllama-1.1b,Q4_K_M,long-000,long,0,True,232834.83965900086,128,921.859375,,
edge,tinyllama-1.1b,Q4_K_M,long-000,long,1,False,153904.55006299453,128,921.859375,,
edge,tinyllama-1.1b,Q4_K_M,long-000,long,2,False,146506.49501800217,128,921.859375,,
edge,tinyllama-1.1b,Q4_K_M,long-001,long,0,True,135248.14631900517,128,921.859375,,
edge,tinyllama-1.1b,Q4_K_M,long-002,long,1,False,136109.995797,128,921.859375,,
edge,tinyllama-1.1b,Q4_K_M,long-002,long,2,False,136809.56062699988,128,921.859375,,
edge,tinyllama-1.1b,Q4_K_M,long-003,long,0,True,156761.23145200108,128,921.859375,,
edge,tinyllama-1.1b,Q4_K_M,long-003,long,1,False,157231.01810599474,128,921.859375,,
edge,tinyllama-1.1b,Q4_K_M,long-003,long,2,False,155289.76304999378,128,921.859375,,
edge,tinyllama-1.1b,Q4_K_M,long-004,long,0,True,140728.32673700032,128,921.859375,,
edge,tinyllama-1.1b,Q4_K_M,long-004,long,1,False,138623.98199200106,128,921.859375,,
edge,tinyllama-1.1b,Q4_K_M,long-004,long,2,False,137328.89649100252,128,921.859375,,
edge,tinyllama-1.1b,Q4_K_M,long-005,long,0,True,146816.26219399914,128,921.859375,,
edge,tinyllama-1.1b,Q4_K_M,long-005,long,1,False,150580.9983979998,128,921.859375,,
edge,tinyllama-1.1b,Q4_K_M,long-005,long,2,False,145759.42446200497,128,921.859375,,
edge,tinyllama-1.1b,Q4_K_M,long-006,long,0,True,153120.79623899626,128,921.859375,,
edge,tinyllama-1.1b,Q4_K_M,long-006,long,1,False,154681.73452500196,128,921.859375,,
edge,tinyllama-1.1b,Q4_K_M,long-006,long,2,False,155147.1743639995,128,921.859375,,
edge,tinyllama-1.1b,Q4_K_M,long-007,long,0,True,139090.3591499955,128,921.859375,,
edge,tinyllama-1.1b,Q4_K_M,long-007,long,1,False,137076.05865300138,128,921.859375,,
edge,tinyllama-1.1b,Q4_K_M,long-007,long,2,False,138449.1929690048,128,921.859375,,
edge,tinyllama-1.1b,Q4_K_M,long-008,long,0,True,159611.72221299785,128,921.859375,,
edge,tinyllama-1.1b,Q4_K_M,long-008,long,1,False,161217.47951799625,128,921.859375,,
edge,tinyllama-1.1b,Q4_K_M,long-008,long,2,False,163152.10440000374,128,921.859375,,
edge,tinyllama-1.1b,Q8_0,short-000,short,0,True,15742.140454996843,128,1358.26953125,,
edge,tinyllama-1.1b,Q8_0,short-000,short,1,False,15943.70299900038,128,1358.26953125,,
edge,tinyllama-1.1b,Q8_0,short-000,short,2,False,16296.873822000634,128,1358.26953125,,
edge,tinyllama-1.1b,Q8_0,short-001,short,0,True,18263.583460997324,128,1362.01953125,,
edge,tinyllama-1.1b,Q8_0,short-001,short,1,False,18113.667286001146,128,1362.01953125,,
edge,tinyllama-1.1b,Q8_0,short-001,short,2,False,17970.873728001607,128,1362.01953125,,
edge,tinyllama-1.1b,Q8_0,short-002,short,0,True,12718.040122003003,79,1362.51953125,,
edge,tinyllama-1.1b,Q8_0,short-002,short,1,False,9690.616398998827,49,1362.51953125,,
edge,tinyllama-1.1b,Q8_0,short-002,short,2,False,11124.902388000919,60,1362.51953125,,
edge,tinyllama-1.1b,Q8_0,short-003,short,0,True,6395.136235005339,18,1362.51953125,,
edge,tinyllama-1.1b,Q8_0,short-003,short,1,False,6084.833503002301,18,1362.51953125,,
edge,tinyllama-1.1b,Q8_0,short-003,short,2,False,6477.355274997535,18,1362.51953125,,
edge,tinyllama-1.1b,Q8_0,short-004,short,0,True,16632.806632995198,128,1362.51953125,,
edge,tinyllama-1.1b,Q8_0,short-004,short,1,False,16592.589099003817,128,1362.51953125,,
edge,tinyllama-1.1b,Q8_0,short-004,short,2,False,16877.712910005357,128,1362.51953125,,
edge,tinyllama-1.1b,Q8_0,short-005,short,0,True,17894.218630004616,128,1362.51953125,,
edge,tinyllama-1.1b,Q8_0,short-005,short,1,False,17648.835488995246,128,1362.51953125,,
edge,tinyllama-1.1b,Q8_0,short-005,short,2,False,17825.65384899499,128,1362.51953125,,
edge,tinyllama-1.1b,Q8_0,short-006,short,0,True,5580.374969998957,13,1362.51953125,,
edge,tinyllama-1.1b,Q8_0,short-006,short,1,False,5186.417517004884,13,1362.51953125,,
edge,tinyllama-1.1b,Q8_0,short-006,short,2,False,5423.788025000249,13,1362.51953125,,
edge,tinyllama-1.1b,Q8_0,short-007,short,0,True,17254.652942996472,128,1362.51953125,,
edge,tinyllama-1.1b,Q8_0,short-007,short,1,False,17034.69535899785,128,1362.51953125,,
edge,tinyllama-1.1b,Q8_0,short-007,short,2,False,17677.664001996163,128,1362.51953125,,
edge,tinyllama-1.1b,Q8_0,short-008,short,0,True,18356.44356100238,128,1362.51953125,,
edge,tinyllama-1.1b,Q8_0,short-008,short,1,False,17700.76763399993,128,1362.51953125,,
edge,tinyllama-1.1b,Q8_0,short-008,short,2,False,17976.911318997736,128,1362.51953125,,
edge,tinyllama-1.1b,Q8_0,short-009,short,0,True,17738.928506994853,128,1362.51953125,,
edge,tinyllama-1.1b,Q8_0,short-009,short,1,False,17176.816988998326,128,1362.51953125,,
edge,tinyllama-1.1b,Q8_0,short-009,short,2,False,17534.619587000634,128,1362.51953125,,
edge,tinyllama-1.1b,Q8_0,short-010,short,0,True,16973.73751199484,128,1362.51953125,,
edge,tinyllama-1.1b,Q8_0,short-010,short,1,False,17027.883784998266,128,1362.51953125,,
edge,tinyllama-1.1b,Q8_0,short-010,short,2,False,16813.176391995512,128,1362.51953125,,
edge,tinyllama-1.1b,Q8_0,short-011,short,0,True,16729.87045100308,128,1362.51953125,,
edge,tinyllama-1.1b,Q8_0,short-011,short,1,False,16942.155990000174,128,1362.51953125,,
edge,tinyllama-1.1b,Q8_0,short-011,short,2,False,17074.91855900298,128,1362.51953125,,
edge,tinyllama-1.1b,Q8_0,short-012,short,0,True,10537.625931996445,65,1362.51953125,,
edge,tinyllama-1.1b,Q8_0,short-012,short,1,False,7125.603796994255,33,1362.51953125,,
edge,tinyllama-1.1b,Q8_0,short-012,short,2,False,6992.545961002179,30,1362.51953125,,
edge,tinyllama-1.1b,Q8_0,short-013,short,0,True,15602.106575999642,128,1362.51953125,,
edge,tinyllama-1.1b,Q8_0,short-013,short,1,False,15291.88356600207,128,1362.51953125,,
edge,tinyllama-1.1b,Q8_0,short-013,short,2,False,15164.586450999195,128,1362.51953125,,
edge,tinyllama-1.1b,Q8_0,short-014,short,0,True,4157.3716339989915,8,1362.51953125,,
edge,tinyllama-1.1b,Q8_0,short-014,short,1,False,4083.702092997555,8,1362.51953125,,
edge,tinyllama-1.1b,Q8_0,short-014,short,2,False,4086.9735950036556,8,1362.51953125,,
edge,tinyllama-1.1b,Q8_0,short-015,short,0,True,4471.940479998011,11,1362.51953125,,
edge,tinyllama-1.1b,Q8_0,short-015,short,1,False,4468.875834994833,11,1362.51953125,,
edge,tinyllama-1.1b,Q8_0,short-015,short,2,False,4612.963013001718,11,1362.51953125,,
edge,tinyllama-1.1b,Q8_0,short-016,short,0,True,12199.587105998944,101,1362.51953125,,
edge,tinyllama-1.1b,Q8_0,short-016,short,1,False,11011.047352003516,88,1362.51953125,,
edge,tinyllama-1.1b,Q8_0,short-016,short,2,False,13026.48043899535,109,1362.51953125,,
edge,tinyllama-1.1b,Q8_0,short-017,short,0,True,10023.851953999838,74,1362.51953125,,
edge,tinyllama-1.1b,Q8_0,short-017,short,1,False,9445.199777001108,65,1362.51953125,,
edge,tinyllama-1.1b,Q8_0,short-017,short,2,False,8439.97882000258,60,1362.51953125,,
edge,tinyllama-1.1b,Q8_0,short-018,short,0,True,15990.913672998431,128,1362.51953125,,
edge,tinyllama-1.1b,Q8_0,short-018,short,1,False,15865.414550993592,128,1362.51953125,,
edge,tinyllama-1.1b,Q8_0,short-018,short,2,False,15924.919605000468,128,1362.51953125,,
edge,tinyllama-1.1b,Q8_0,short-019,short,0,True,15038.856770006532,128,1362.51953125,,
edge,tinyllama-1.1b,Q8_0,short-019,short,1,False,15037.212718001683,128,1362.51953125,,
edge,tinyllama-1.1b,Q8_0,short-019,short,2,False,16177.641636997578,128,1362.51953125,,
edge,tinyllama-1.1b,Q8_0,medium-000,medium,0,True,14073.9237279995,66,1370.39453125,,
edge,tinyllama-1.1b,Q8_0,medium-000,medium,1,False,14629.090246999112,66,1370.39453125,,
edge,tinyllama-1.1b,Q8_0,medium-000,medium,2,False,15777.520414005267,82,1370.39453125,,
edge,tinyllama-1.1b,Q8_0,medium-001,medium,0,True,21473.07898899453,99,1377.76953125,,
edge,tinyllama-1.1b,Q8_0,medium-001,medium,1,False,19420.868263994635,78,1377.76953125,,
edge,tinyllama-1.1b,Q8_0,medium-001,medium,2,False,19478.820078002173,80,1377.76953125,,
edge,tinyllama-1.1b,Q8_0,medium-002,medium,0,True,27170.800150001014,128,1379.64453125,,
edge,tinyllama-1.1b,Q8_0,medium-002,medium,1,False,27424.062679005146,128,1379.64453125,,
edge,tinyllama-1.1b,Q8_0,medium-002,medium,2,False,27175.994417004404,128,1379.64453125,,
edge,tinyllama-1.1b,Q8_0,medium-003,medium,0,True,16998.241375004,81,1379.64453125,,
edge,tinyllama-1.1b,Q8_0,medium-003,medium,1,False,16046.093736003968,78,1379.64453125,,
edge,tinyllama-1.1b,Q8_0,medium-003,medium,2,False,14717.34098700108,61,1379.64453125,,
edge,tinyllama-1.1b,Q8_0,medium-004,medium,0,True,12829.211455995392,52,1379.64453125,,
edge,tinyllama-1.1b,Q8_0,medium-004,medium,1,False,12839.200952003011,53,1379.64453125,,
edge,tinyllama-1.1b,Q8_0,medium-004,medium,2,False,16232.495053001912,85,1379.64453125,,
edge,tinyllama-1.1b,Q8_0,medium-005,medium,0,True,19895.24463700218,128,1379.64453125,,
edge,tinyllama-1.1b,Q8_0,medium-005,medium,1,False,20301.22533899703,128,1379.64453125,,
edge,tinyllama-1.1b,Q8_0,medium-005,medium,2,False,20253.99946900143,128,1379.64453125,,
edge,tinyllama-1.1b,Q8_0,medium-006,medium,0,True,12506.122245998995,50,1379.64453125,,
edge,tinyllama-1.1b,Q8_0,medium-006,medium,1,False,13578.027777999523,58,1379.64453125,,
edge,tinyllama-1.1b,Q8_0,medium-006,medium,2,False,12413.598781000474,58,1379.64453125,,
edge,tinyllama-1.1b,Q8_0,medium-007,medium,0,True,19697.448580998753,101,1379.64453125,,
edge,tinyllama-1.1b,Q8_0,medium-007,medium,1,False,19396.103681996465,100,1379.64453125,,
edge,tinyllama-1.1b,Q8_0,medium-007,medium,2,False,19902.837652996823,99,1379.64453125,,
edge,tinyllama-1.1b,Q8_0,medium-008,medium,0,True,20193.49004799733,128,1379.64453125,,
edge,tinyllama-1.1b,Q8_0,medium-008,medium,1,False,21012.925249000546,128,1379.64453125,,
edge,tinyllama-1.1b,Q8_0,medium-008,medium,2,False,20774.984996998683,128,1379.64453125,,
edge,tinyllama-1.1b,Q8_0,medium-009,medium,0,True,23158.297333997325,128,1379.64453125,,
edge,tinyllama-1.1b,Q8_0,medium-009,medium,1,False,22950.637999005266,128,1379.64453125,,
edge,tinyllama-1.1b,Q8_0,medium-009,medium,2,False,22686.67334299971,128,1379.64453125,,
edge,tinyllama-1.1b,Q8_0,medium-010,medium,0,True,10335.491550002189,39,1379.64453125,,
edge,tinyllama-1.1b,Q8_0,medium-010,medium,1,False,13905.946708997362,74,1379.64453125,,
edge,tinyllama-1.1b,Q8_0,medium-010,medium,2,False,11467.405348994362,49,1379.64453125,,
edge,tinyllama-1.1b,Q8_0,medium-011,medium,0,True,18828.31006399647,92,1379.64453125,,
edge,tinyllama-1.1b,Q8_0,medium-011,medium,1,False,18939.808271999937,93,1379.64453125,,
edge,tinyllama-1.1b,Q8_0,medium-011,medium,2,False,17598.562240003957,76,1379.64453125,,
edge,tinyllama-1.1b,Q8_0,medium-012,medium,0,True,20977.784562994202,128,1379.64453125,,
edge,tinyllama-1.1b,Q8_0,medium-012,medium,1,False,22464.910665999923,128,1379.64453125,,
edge,tinyllama-1.1b,Q8_0,medium-012,medium,2,False,21315.017139997508,128,1379.64453125,,
edge,tinyllama-1.1b,Q8_0,medium-013,medium,0,True,28625.137716997415,128,1380.76953125,,
edge,tinyllama-1.1b,Q8_0,medium-013,medium,1,False,28974.761231998855,128,1380.76953125,,
edge,tinyllama-1.1b,Q8_0,medium-013,medium,2,False,27711.12888099742,128,1380.76953125,,
edge,tinyllama-1.1b,Q8_0,medium-014,medium,0,True,20415.09708800004,128,1380.76953125,,
edge,tinyllama-1.1b,Q8_0,medium-014,medium,1,False,20628.94586999755,128,1380.76953125,,
edge,tinyllama-1.1b,Q8_0,medium-014,medium,2,False,20386.336393996316,128,1380.76953125,,
edge,tinyllama-1.1b,Q8_0,medium-015,medium,0,True,22053.640359001292,128,1380.76953125,,
edge,tinyllama-1.1b,Q8_0,medium-015,medium,1,False,21204.039962001843,128,1380.76953125,,
edge,tinyllama-1.1b,Q8_0,medium-015,medium,2,False,20602.12159499497,128,1380.76953125,,
edge,tinyllama-1.1b,Q8_0,medium-016,medium,0,True,26272.36148800148,93,1382.01953125,,
edge,tinyllama-1.1b,Q8_0,medium-016,medium,1,False,24694.7466490019,93,1382.01953125,,
edge,tinyllama-1.1b,Q8_0,medium-016,medium,2,False,24483.160588999453,93,1382.01953125,,
edge,tinyllama-1.1b,Q8_0,medium-017,medium,0,True,31285.828333006066,128,1383.76953125,,
edge,tinyllama-1.1b,Q8_0,medium-017,medium,1,False,31996.175828004198,128,1383.76953125,,
edge,tinyllama-1.1b,Q8_0,medium-017,medium,2,False,31816.70279500395,128,1383.76953125,,
edge,tinyllama-1.1b,Q8_0,medium-018,medium,0,True,19993.209631000354,88,1383.76953125,,
edge,tinyllama-1.1b,Q8_0,medium-018,medium,1,False,25443.925639003282,128,1383.76953125,,
edge,tinyllama-1.1b,Q8_0,medium-018,medium,2,False,21444.78645199706,96,1383.76953125,,
edge,tinyllama-1.1b,Q8_0,medium-019,medium,0,True,20639.71313500224,111,1383.76953125,,
edge,tinyllama-1.1b,Q8_0,medium-019,medium,1,False,22301.81826599437,120,1383.76953125,,
edge,tinyllama-1.1b,Q8_0,medium-019,medium,2,False,23375.28115200257,119,1383.76953125,,
edge,tinyllama-1.1b,Q8_0,long-000,long,0,True,43552.89251199429,128,1395.39453125,,
edge,tinyllama-1.1b,Q8_0,long-000,long,1,False,49172.74533699674,128,1395.39453125,,
edge,tinyllama-1.1b,Q8_0,long-000,long,2,False,40858.924123996985,128,1395.39453125,,
edge,tinyllama-1.1b,Q8_0,long-001,long,0,True,39275.36639200116,128,1395.39453125,,
edge,tinyllama-1.1b,Q8_0,long-001,long,1,False,37954.03608199558,128,1395.39453125,,
edge,tinyllama-1.1b,Q8_0,long-001,long,2,False,37638.243452005554,128,1395.39453125,,
edge,tinyllama-1.1b,Q8_0,long-002,long,0,True,33683.09806199977,94,1395.39453125,,
edge,tinyllama-1.1b,Q8_0,long-002,long,1,False,33007.29563200002,90,1395.39453125,,
edge,tinyllama-1.1b,Q8_0,long-002,long,2,False,34131.77598600305,101,1395.39453125,,
edge,tinyllama-1.1b,Q8_0,long-003,long,0,True,42897.93730200472,128,1396.61328125,,
edge,tinyllama-1.1b,Q8_0,long-003,long,1,False,43674.2569449998,128,1396.61328125,,
edge,tinyllama-1.1b,Q8_0,long-003,long,2,False,42877.38579399593,128,1396.61328125,,
edge,tinyllama-1.1b,Q8_0,long-004,long,0,True,40362.601132001146,128,1396.61328125,,
edge,tinyllama-1.1b,Q8_0,long-004,long,1,False,39240.847396999015,128,1396.61328125,,
edge,tinyllama-1.1b,Q8_0,long-004,long,2,False,37389.87073599856,128,1396.61328125,,
edge,tinyllama-1.1b,Q8_0,long-005,long,0,True,40476.361383996846,128,1396.61328125,,
edge,tinyllama-1.1b,Q8_0,long-005,long,1,False,40494.93257400172,128,1396.61328125,,
edge,tinyllama-1.1b,Q8_0,long-005,long,2,False,39404.46418200008,128,1396.61328125,,
edge,tinyllama-1.1b,Q8_0,long-006,long,0,True,42654.12765600195,128,1396.61328125,,
edge,tinyllama-1.1b,Q8_0,long-006,long,1,False,44472.901078006544,128,1396.61328125,,
edge,tinyllama-1.1b,Q8_0,long-006,long,2,False,42070.060778998595,128,1396.61328125,,
edge,tinyllama-1.1b,Q8_0,long-007,long,0,True,38112.84131799766,128,1396.61328125,,
edge,tinyllama-1.1b,Q8_0,long-007,long,1,False,38299.56701800256,128,1396.61328125,,
edge,tinyllama-1.1b,Q8_0,long-007,long,2,False,38483.588107003015,128,1396.61328125,,
edge,tinyllama-1.1b,Q8_0,long-008,long,0,True,38309.950315000606,88,1397.1484375,,
edge,tinyllama-1.1b,Q8_0,long-008,long,1,False,38589.74604399555,89,1397.1484375,,
edge,tinyllama-1.1b,Q8_0,long-008,long,2,False,38979.84370499762,87,1397.1484375,,
